Workbook

Sheet 明细_中心
A1: source_table | B1: Center | C1: Cases | D1: Percent
A2: see_meta | B2: Foshan | C2: 109 | D2: 0.35855263
A3: see_meta | B3: Wuhan | C3: 100 | D3: 0.32894737
A4: see_meta | B4: Xinjiang | C4: 95 | D4: 0.3125

Sheet 明细_诊断_阶段
A1: source_table | B1: Stage | C1: DiagnosisCategory | D1: Cases
A2: see_meta | B2: Admission | C2: 恶性肿瘤 | D2: 102
A3: see_meta | B3: Admission | C3: 子宫肌瘤 | D3: 47
A4: see_meta | B4: Admission | C4: 子宫内膜息肉 | D4: 46
A5: see_meta | B5: Admission | C5: 妊娠相关 | D5: 39
A6: see_meta | B6: Admission | C6: 其他/未分类 | D6: 26
A7: see_meta | B7: Admission | C7: 月经/出血异常 | D7: 21
A8: see_meta | B8: Admission | C8: 宫颈良性病变 | D8: 9
A9: see_meta | B9: Admission | C9: 子宫腺肌症 | D9: 7
A10: see_meta | B10: Admission | C10: 宫颈癌前/上皮内病变 | D10: 4
A11: see_meta | B11: Admission | C11: 炎症/感染 | D11: 2
A12: see_meta | B12: Admission | C12: 卵巢良性肿物/囊肿 | D12: 1
A13: see_meta | B13: Revised | C13: 其他/未分类 | D13: 117
... A36: see_meta | B36: Final | C36: 卵巢良性肿物/囊肿 | D36: 1

Sheet 明细_诊断_阶段_palm
A1: source_table | B1: center | C1: case_id | D1: stage4 | E1: palm_class | F1: palm_coein | G1: not_classify_reason | H1: source_sheet | I1: source_column | J1: source_path | K1: source_model | L1: source_channel | M1: source_prompt_version
A2: analysis_viz/data/raw/center_data/*/GT/*.xlsx:Sheet1[GT_Admission_Diagnosis,GT_Revised_Diagnosis,GT_Final_Diagnosis] | B2: 佛山 | C2: foshan_10 | D2: D1 | E2: 3 | F2: L-肌瘤 | H2: Sheet1 | I2: d1_palm_class|rule_adjusted | J2: analysis_viz/data/raw/center_data/佛山/GT/standardized_foshan.xlsx | K2: gemini-2.5-pro | L2: gala_api | M2: g1-llm-taxonomy-v1
A3: analysis_viz/data/raw/center_data/*/GT/*.xlsx:Sheet1[GT_Admission_Diagnosis,GT_Revised_Diagnosis,GT_Final_Diagnosis] | B3: 佛山 | C3: foshan_10 | D3: D2 | E3: 4 | F3: M-恶性/增生 | H3: Sheet1 | I3: d2_palm_class|rule_adjusted | J3: analysis_viz/data/raw/center_data/佛山/GT/standardized_foshan.xlsx | K3: gemini-2.5-pro | L3: gala_api | M3: g1-llm-taxonomy-v1
A4: analysis_viz/data/raw/center_data/*/GT/*.xlsx:Sheet1[GT_Admission_Diagnosis,GT_Revised_Diagnosis,GT_Final_Diagnosis] | B4: 佛山 | C4: foshan_10 | D4: D3 | E4: 4 | F4: M-恶性/增生 | H4: Sheet1 | I4: d3_palm_class|rule_adjusted | J4: analysis_viz/data/raw/center_data/佛山/GT/standardized_foshan.xlsx | K4: gemini-2.5-pro | L4: gala_api | M4: g1-llm-taxonomy-v1
A5: analysis_viz/data/raw/center_data/*/GT/*.xlsx:Sheet1[GT_Admission_Diagnosis,GT_Revised_Diagnosis,GT_Final_Diagnosis] | B5: 佛山 | C5: foshan_100 | D5: D1 | E5: 3 | F5: L-肌瘤 | H5: Sheet1 | I5: d1_palm_class|rule_adjusted | J5: analysis_viz/data/raw/center_data/佛山/GT/standardized_foshan.xlsx | K5: gemini-2.5-pro | L5: gala_api | M5: g1-llm-taxonomy-v1
A6: analysis_viz/data/raw/center_data/*/GT/*.xlsx:Sheet1[GT_Admission_Diagnosis,GT_Revised_Diagnosis,GT_Final_Diagnosis] | B6: 佛山 | C6: foshan_100 | D6: D2 | E6: 3 | F6: L-肌瘤 | H6: Sheet1 | I6: d2_palm_class|rule_adjusted | J6: analysis_viz/data/raw/center_data/佛山/GT/standardized_foshan.xlsx | K6: gemini-2.5-pro | L6: gala_api | M6: g1-llm-taxonomy-v1
A7: analysis_viz/data/raw/center_data/*/GT/*.xlsx:Sheet1[GT_Admission_Diagnosis,GT_Revised_Diagnosis,GT_Final_Diagnosis] | B7: 佛山 | C7: foshan_100 | D7: D3 | E7: 3 | F7: L-肌瘤 | H7: Sheet1 | I7: d3_palm_class|rule_adjusted | J7: analysis_viz/data/raw/center_data/佛山/GT/standardized_foshan.xlsx | K7: gemini-2.5-pro | L7: gala_api | M7: g1-llm-taxonomy-v1
A8: analysis_viz/data/raw/center_data/*/GT/*.xlsx:Sheet1[GT_Admission_Diagnosis,GT_Revised_Diagnosis,GT_Final_Diagnosis] | B8: 佛山 | C8: foshan_101 | D8: D1 | E8: 4 | F8: M-恶性/增生 | H8: Sheet1 | I8: d1_palm_class|rule_adjusted | J8: analysis_viz/data/raw/center_data/佛山/GT/standardized_foshan.xlsx | K8: gemini-2.5-pro | L8: gala_api | M8: g1-llm-taxonomy-v1
A9: analysis_viz/data/raw/center_data/*/GT/*.xlsx:Sheet1[GT_Admission_Diagnosis,GT_Revised_Diagnosis,GT_Final_Diagnosis] | B9: 佛山 | C9: foshan_101 | D9: D2 | E9: 4 | F9: M-恶性/增生 | H9: Sheet1 | I9: d2_palm_class|rule_adjusted | J9: analysis_viz/data/raw/center_data/佛山/GT/standardized_foshan.xlsx | K9: gemini-2.5-pro | L9: gala_api | M9: g1-llm-taxonomy-v1
A10: analysis_viz/data/raw/center_data/*/GT/*.xlsx:Sheet1[GT_Admission_Diagnosis,GT_Revised_Diagnosis,GT_Final_Diagnosis] | B10: 佛山 | C10: foshan_101 | D10: D3 | E10: 4 | F10: M-恶性/增生 | H10: Sheet1 | I10: d3_palm_class|rule_adjusted | J10: analysis_viz/data/raw/center_data/佛山/GT/standardized_foshan.xlsx | K10: gemini-2.5-pro | L10: gala_api | M10: g1-llm-taxonomy-v1
A11: analysis_viz/data/raw/center_data/*/GT/*.xlsx:Sheet1[GT_Admission_Diagnosis,GT_Revised_Diagnosis,GT_Final_Diagnosis] | B11: 佛山 | C11: foshan_102 | D11: D1 | E11: 4 | F11: M-恶性/增生 | H11: Sheet1 | I11: d1_palm_class|rule_adjusted | J11: analysis_viz/data/raw/center_data/佛山/GT/standardized_foshan.xlsx | K11: gemini-2.5-pro | L11: gala_api | M11: g1-llm-taxonomy-v1
A12: analysis_viz/data/raw/center_data/*/GT/*.xlsx:Sheet1[GT_Admission_Diagnosis,GT_Revised_Diagnosis,GT_Final_Diagnosis] | B12: 佛山 | C12: foshan_102 | D12: D2 | E12: 4 | F12: M-恶性/增生 | H12: Sheet1 | I12: d2_palm_class|rule_adjusted | J12: analysis_viz/data/raw/center_data/佛山/GT/standardized_foshan.xlsx | K12: gemini-2.5-pro | L12: gala_api | M12: g1-llm-taxonomy-v1
A13: analysis_viz/data/raw/center_data/*/GT/*.xlsx:Sheet1[GT_Admission_Diagnosis,GT_Revised_Diagnosis,GT_Final_Diagnosis] | B13: 佛山 | C13: foshan_102 | D13: D3 | E13: 4 | F13: M-恶性/增生 | H13: Sheet1 | I13: d3_palm_class|rule_adjusted | J13: analysis_viz/data/raw/center_data/佛山/GT/standardized_foshan.xlsx | K13: gemini-2.5-pro | L13: gala_api | M13: g1-llm-taxonomy-v1
... A115: analysis_viz/data/raw/center_data/*/GT/*.xlsx:Sheet1[GT_Admission_Diagnosis,GT_Revised_Diagnosis,GT_Final_Diagnosis] | B115: 佛山 | C115: foshan_34 | D115: D3 | E115: 1 | F115: P-息肉 | H115: Sheet1 | I115: d3_palm_class|rule_adjusted | J115: analysis_viz/data/raw/center_data/佛山/GT/standardized_foshan.xlsx | K115: gemini-2.5-pro | L115: gala_api | M115: g1-llm-taxonomy-v1
A116: analysis_viz/data/raw/center_data/*/GT/*.xlsx:Sheet1[GT_Admission_Diagnosis,GT_Revised_Diagnosis,GT_Final_Diagnosis] | B116: 佛山 | C116: foshan_35 | D116: D1 | E116: 9 | F116: 不适用 | G116: 妊娠相关诊断不纳入PALM-COEIN | H116: Sheet1 | I116: d1_palm_class|rule_adjusted | J116: analysis_viz/data/raw/center_data/佛山/GT/standardized_foshan.xlsx | K116: gemini-2.5-pro | L116: gala_api | M116: g1-llm-taxonomy-v1
A117: analysis_viz/data/raw/center_data/*/GT/*.xlsx:Sheet1[GT_Admission_Diagnosis,GT_Revised_Diagnosis,GT_Final_Diagnosis] | B117: 佛山 | C117: foshan_35 | D117: D2 | E117: 9 | F117: 不适用 | G117: 妊娠相关诊断不纳入PALM-COEIN | H117: Sheet1 | I117: d2_palm_class|rule_adjusted | J117: analysis_viz/data/raw/center_data/佛山/GT/standardized_foshan.xlsx | K117: gemini-2.5-pro | L117: gala_api | M117: g1-llm-taxonomy-v1
A118: analysis_viz/data/raw/center_data/*/GT/*.xlsx:Sheet1[GT_Admission_Diagnosis,GT_Revised_Diagnosis,GT_Final_Diagnosis] | B118: 佛山 | C118: foshan_35 | D118: D3 | E118: 9 | F118: 不适用 | G118: 妊娠相关诊断不纳入PALM-COEIN | H118: Sheet1 | I118: d3_palm_class|rule_adjusted | J118: analysis_viz/data/raw/center_data/佛山/GT/standardized_foshan.xlsx | K118: gemini-2.5-pro | L118: gala_api | M118: g1-llm-taxonomy-v1
A119: analysis_viz/data/raw/center_data/*/GT/*.xlsx:Sheet1[GT_Admission_Diagnosis,GT_Revised_Diagnosis,GT_Final_Diagnosis] | B119: 佛山 | C119: foshan_36 | D119: D1 | E119: 9 | F119: 不适用 | G119: 妊娠相关诊断不纳入PALM-COEIN | H119: Sheet1 | I119: d1_palm_class|rule_adjusted | J119: analysis_viz/data/raw/center_data/佛山/GT/standardized_foshan.xlsx | K119: gemini-2.5-pro | L119: gala_api | M119: g1-llm-taxonomy-v1
A120: analysis_viz/data/raw/center_data/*/GT/*.xlsx:Sheet1[GT_Admission_Diagnosis,GT_Revised_Diagnosis,GT_Final_Diagnosis] | B120: 佛山 | C120: foshan_36 | D120: D2 | E120: 9 | F120: 不适用 | G120: 妊娠相关诊断不纳入PALM-COEIN | H120: Sheet1 | I120: d2_palm_class|rule_adjusted | J120: analysis_viz/data/raw/center_data/佛山/GT/standardized_foshan.xlsx | K120: gemini-2.5-pro | L120: gala_api | M120: g1-llm-taxonomy-v1
A121: analysis_viz/data/raw/center_data/*/GT/*.xlsx:Sheet1[GT_Admission_Diagnosis,GT_Revised_Diagnosis,GT_Final_Diagnosis] | B121: 佛山 | C121: foshan_36 | D121: D3 | E121: 9 | F121: 不适用 | G121: 妊娠相关诊断不纳入PALM-COEIN | H121: Sheet1 | I121: d3_palm_class|rule_adjusted | J121: analysis_viz/data/raw/center_data/佛山/GT/standardized_foshan.xlsx | K121: gemini-2.5-pro | L121: gala_api | M121: g1-llm-taxonomy-v1
A122: analysis_viz/data/raw/center_data/*/GT/*.xlsx:Sheet1[GT_Admission_Diagnosis,GT_Revised_Diagnosis,GT_Final_Diagnosis] | B122: 佛山 | C122: foshan_37 | D122: D1 | E122: 9 | F122: 不适用 | G122: 妊娠相关诊断不纳入PALM-COEIN | H122: Sheet1 | I122: d1_palm_class|rule_adjusted | J122: analysis_viz/data/raw/center_data/佛山/GT/standardized_foshan.xlsx | K122: gemini-2.5-pro | L122: gala_api | M122: g1-llm-taxonomy-v1
A123: analysis_viz/data/raw/center_data/*/GT/*.xlsx:Sheet1[GT_Admission_Diagnosis,GT_Revised_Diagnosis,GT_Final_Diagnosis] | B123: 佛山 | C123: foshan_37 | D123: D2 | E123: 9 | F123: 不适用 | G123: 妊娠相关诊断不纳入PALM-COEIN | H123: Sheet1 | I123: d2_palm_class|rule_adjusted | J123: analysis_viz/data/raw/center_data/佛山/GT/standardized_foshan.xlsx | K123: gemini-2.5-pro | L123: gala_api | M123: g1-llm-taxonomy-v1
A124: analysis_viz/data/raw/center_data/*/GT/*.xlsx:Sheet1[GT_Admission_Diagnosis,GT_Revised_Diagnosis,GT_Final_Diagnosis] | B124: 佛山 | C124: foshan_37 | D124: D3 | E124: 1 | F124: P-息肉 | H124: Sheet1 | I124: d3_palm_class|rule_adjusted | J124: analysis_viz/data/raw/center_data/佛山/GT/standardized_foshan.xlsx | K124: gemini-2.5-pro | L124: gala_api | M124: g1-llm-taxonomy-v1
A125: analysis_viz/data/raw/center_data/*/GT/*.xlsx:Sheet1[GT_Admission_Diagnosis,GT_Revised_Diagnosis,GT_Final_Diagnosis] | B125: 佛山 | C125: foshan_38 | D125: D1 | E125: 9 | F125: N-非肿瘤 | G125: 标签归一化到N-非肿瘤 | H125: Sheet1 | I125: d1_palm_class|rule_adjusted | J125: analysis_viz/data/raw/center_data/佛山/GT/standardized_foshan.xlsx | K125: gemini-2.5-pro | L125: gala_api | M125: g1-llm-taxonomy-v1
A126: analysis_viz/data/raw/center_data/*/GT/*.xlsx:Sheet1[GT_Admission_Diagnosis,GT_Revised_Diagnosis,GT_Final_Diagnosis] | B126: 佛山 | C126: foshan_38 | D126: D2 | E126: 9 | F126: N-非肿瘤 | G126: 标签归一化到N-非肿瘤 | H126: Sheet1 | I126: d2_palm_class|rule_adjusted | J126: analysis_viz/data/raw/center_data/佛山/GT/standardized_foshan.xlsx | K126: gemini-2.5-pro | L126: gala_api | M126: g1-llm-taxonomy-v1
A127: analysis_viz/data/raw/center_data/*/GT/*.xlsx:Sheet1[GT_Admission_Diagnosis,GT_Revised_Diagnosis,GT_Final_Diagnosis] | B127: 佛山 | C127: foshan_38 | D127: D3 | E127: 9 | F127: N-非肿瘤 | G127: 标签归一化到N-非肿瘤 | H127: Sheet1 | I127: d3_palm_class|rule_adjusted | J127: analysis_viz/data/raw/center_data/佛山/GT/standardized_foshan.xlsx | K127: gemini-2.5-pro | L127: gala_api | M127: g1-llm-taxonomy-v1
A128: analysis_viz/data/raw/center_data/*/GT/*.xlsx:Sheet1[GT_Admission_Diagnosis,GT_Revised_Diagnosis,GT_Final_Diagnosis] | B128: 佛山 | C128: foshan_39 | D128: D1 | E128: 9 | F128: N-非肿瘤 | G128: 标签归一化到N-非肿瘤 | H128: Sheet1 | I128: d1_palm_class|rule_adjusted | J128: analysis_viz/data/raw/center_data/佛山/GT/standardized_foshan.xlsx | K128: gemini-2.5-pro | L128: gala_api | M128: g1-llm-taxonomy-v1
A129: analysis_viz/data/raw/center_data/*/GT/*.xlsx:Sheet1[GT_Admission_Diagnosis,GT_Revised_Diagnosis,GT_Final_Diagnosis] | B129: 佛山 | C129: foshan_39 | D129: D2 | E129: 9 | F129: N-非肿瘤 | G129: 标签归一化到N-非肿瘤 | H129: Sheet1 | I129: d2_palm_class|rule_adjusted | J129: analysis_viz/data/raw/center_data/佛山/GT/standardized_foshan.xlsx | K129: gemini-2.5-pro | L129: gala_api | M129: g1-llm-taxonomy-v1
A130: analysis_viz/data/raw/center_data/*/GT/*.xlsx:Sheet1[GT_Admission_Diagnosis,GT_Revised_Diagnosis,GT_Final_Diagnosis] | B130: 佛山 | C130: foshan_39 | D130: D3 | E130: 9 | F130: N-非肿瘤 | G130: 标签归一化到N-非肿瘤 | H130: Sheet1 | I130: d3_palm_class|rule_adjusted | J130: analysis_viz/data/raw/center_data/佛山/GT/standardized_foshan.xlsx | K130: gemini-2.5-pro | L130: gala_api | M130: g1-llm-taxonomy-v1
A131: analysis_viz/data/raw/center_data/*/GT/*.xlsx:Sheet1[GT_Admission_Diagnosis,GT_Revised_Diagnosis,GT_Final_Diagnosis] | B131: 佛山 | C131: foshan_4 | D131: D1 | E131: 1 | F131: P-息肉 | H131: Sheet1 | I131: d1_palm_class|rule_adjusted | J131: analysis_viz/data/raw/center_data/佛山/GT/standardized_foshan.xlsx | K131: gemini-2.5-pro | L131: gala_api | M131: g1-llm-taxonomy-v1
A132: analysis_viz/data/raw/center_data/*/GT/*.xlsx:Sheet1[GT_Admission_Diagnosis,GT_Revised_Diagnosis,GT_Final_Diagnosis] | B132: 佛山 | C132: foshan_4 | D132: D2 | E132: 1 | F132: P-息肉 | H132: Sheet1 | I132: d2_palm_class|rule_adjusted | J132: analysis_viz/data/raw/center_data/佛山/GT/standardized_foshan.xlsx | K132: gemini-2.5-pro | L132: gala_api | M132: g1-llm-taxonomy-v1
A133: analysis_viz/data/raw/center_data/*/GT/*.xlsx:Sheet1[GT_Admission_Diagnosis,GT_Revised_Diagnosis,GT_Final_Diagnosis] | B133: 佛山 | C133: foshan_4 | D133: D3 | E133: 4 | F133: M-恶性/增生 | H133: Sheet1 | I133: d3_palm_class|rule_adjusted | J133: analysis_viz/data/raw/center_data/佛山/GT/standardized_foshan.xlsx | K133: gemini-2.5-pro | L133: gala_api | M133: g1-llm-taxonomy-v1
A134: analysis_viz/data/raw/center_data/*/GT/*.xlsx:Sheet1[GT_Admission_Diagnosis,GT_Revised_Diagnosis,GT_Final_Diagnosis] | B134: 佛山 | C134: foshan_40 | D134: D1 | E134: 9 | F134: 不适用 | G134: 妊娠相关诊断不纳入PALM-COEIN | H134: Sheet1 | I134: d1_palm_class|rule_adjusted | J134: analysis_viz/data/raw/center_data/佛山/GT/standardized_foshan.xlsx | K134: gemini-2.5-pro | L134: gala_api | M134: g1-llm-taxonomy-v1
A135: analysis_viz/data/raw/center_data/*/GT/*.xlsx:Sheet1[GT_Admission_Diagnosis,GT_Revised_Diagnosis,GT_Final_Diagnosis] | B135: 佛山 | C135: foshan_40 | D135: D2 | E135: 9 | F135: 不适用 | G135: 妊娠相关诊断不纳入PALM-COEIN | H135: Sheet1 | I135: d2_palm_class|rule_adjusted | J135: analysis_viz/data/raw/center_data/佛山/GT/standardized_foshan.xlsx | K135: gemini-2.5-pro | L135: gala_api | M135: g1-llm-taxonomy-v1
A136: analysis_viz/data/raw/center_data/*/GT/*.xlsx:Sheet1[GT_Admission_Diagnosis,GT_Revised_Diagnosis,GT_Final_Diagnosis] | B136: 佛山 | C136: foshan_40 | D136: D3 | E136: 4 | F136: 不适用 | G136: 妊娠相关诊断不纳入PALM-COEIN | H136: Sheet1 | I136: d3_palm_class|rule_adjusted | J136: analysis_viz/data/raw/center_data/佛山/GT/standardized_foshan.xlsx | K136: gemini-2.5-pro | L136: gala_api | M136: g1-llm-taxonomy-v1
A137: analysis_viz/data/raw/center_data/*/GT/*.xlsx:Sheet1[GT_Admission_Diagnosis,GT_Revised_Diagnosis,GT_Final_Diagnosis] | B137: 佛山 | C137: foshan_41 | D137: D1 | E137: 8 | F137: I-医源性 | H137: Sheet1 | I137: d1_palm_class|rule_adjusted | J137: analysis_viz/data/raw/center_data/佛山/GT/standardized_foshan.xlsx | K137: gemini-2.5-pro | L137: gala_api | M137: g1-llm-taxonomy-v1
A138: analysis_viz/data/raw/center_data/*/GT/*.xlsx:Sheet1[GT_Admission_Diagnosis,GT_Revised_Diagnosis,GT_Final_Diagnosis] | B138: 佛山 | C138: foshan_41 | D138: D2 | E138: 8 | F138: I-医源性 | H138: Sheet1 | I138: d2_palm_class|rule_adjusted | J138: analysis_viz/data/raw/center_data/佛山/GT/standardized_foshan.xlsx | K138: gemini-2.5-pro | L138: gala_api | M138: g1-llm-taxonomy-v1
A139: analysis_viz/data/raw/center_data/*/GT/*.xlsx:Sheet1[GT_Admission_Diagnosis,GT_Revised_Diagnosis,GT_Final_Diagnosis] | B139: 佛山 | C139: foshan_41 | D139: D3 | E139: 1 | F139: P-息肉 | H139: Sheet1 | I139: d3_palm_class|rule_adjusted | J139: analysis_viz/data/raw/center_data/佛山/GT/standardized_foshan.xlsx | K139: gemini-2.5-pro | L139: gala_api | M139: g1-llm-taxonomy-v1
A140: analysis_viz/data/raw/center_data/*/GT/*.xlsx:Sheet1[GT_Admission_Diagnosis,GT_Revised_Diagnosis,GT_Final_Diagnosis] | B140: 佛山 | C140: foshan_42 | D140: D1 | E140: 9 | F140: N-非肿瘤 | G140: 标签归一化到N-非肿瘤 | H140: Sheet1 | I140: d1_palm_class|rule_adjusted | J140: analysis_viz/data/raw/center_data/佛山/GT/standardized_foshan.xlsx | K140: gemini-2.5-pro | L140: gala_api | M140: g1-llm-taxonomy-v1
A141: analysis_viz/data/raw/center_data/*/GT/*.xlsx:Sheet1[GT_Admission_Diagnosis,GT_Revised_Diagnosis,GT_Final_Diagnosis] | B141: 佛山 | C141: foshan_42 | D141: D2 | E141: 9 | F141: N-非肿瘤 | G141: 标签归一化到N-非肿瘤 | H141: Sheet1 | I141: d2_palm_class|rule_adjusted | J141: analysis_viz/data/raw/center_data/佛山/GT/standardized_foshan.xlsx | K141: gemini-2.5-pro | L141: gala_api | M141: g1-llm-taxonomy-v1
A142: analysis_viz/data/raw/center_data/*/GT/*.xlsx:Sheet1[GT_Admission_Diagnosis,GT_Revised_Diagnosis,GT_Final_Diagnosis] | B142: 佛山 | C142: foshan_42 | D142: D3 | E142: 9 | F142: N-非肿瘤 | G142: 标签归一化到N-非肿瘤 | H142: Sheet1 | I142: d3_palm_class|rule_adjusted | J142: analysis_viz/data/raw/center_data/佛山/GT/standardized_foshan.xlsx | K142: gemini-2.5-pro | L142: gala_api | M142: g1-llm-taxonomy-v1
A143: analysis_viz/data/raw/center_data/*/GT/*.xlsx:Sheet1[GT_Admission_Diagnosis,GT_Revised_Diagnosis,GT_Final_Diagnosis] | B143: 佛山 | C143: foshan_43 | D143: D1 | E143: 8 | F143: I-医源性 | H143: Sheet1 | I143: d1_palm_class|rule_adjusted | J143: analysis_viz/data/raw/center_data/佛山/GT/standardized_foshan.xlsx | K143: gemini-2.5-pro | L143: gala_api | M143: g1-llm-taxonomy-v1
A144: analysis_viz/data/raw/center_data/*/GT/*.xlsx:Sheet1[GT_Admission_Diagnosis,GT_Revised_Diagnosis,GT_Final_Diagnosis] | B144: 佛山 | C144: foshan_43 | D144: D2 | E144: 8 | F144: I-医源性 | H144: Sheet1 | I144: d2_palm_class|rule_adjusted | J144: analysis_viz/data/raw/center_data/佛山/GT/standardized_foshan.xlsx | K144: gemini-2.5-pro | L144: gala_api | M144: g1-llm-taxonomy-v1
A145: analysis_viz/data/raw/center_data/*/GT/*.xlsx:Sheet1[GT_Admission_Diagnosis,GT_Revised_Diagnosis,GT_Final_Diagnosis] | B145: 佛山 | C145: foshan_43 | D145: D3 | E145: 8 | F145: I-医源性 | H145: Sheet1 | I145: d3_palm_class|rule_adjusted | J145: analysis_viz/data/raw/center_data/佛山/GT/standardized_foshan.xlsx | K145: gemini-2.5-pro | L145: gala_api | M145: g1-llm-taxonomy-v1
A146: analysis_viz/data/raw/center_data/*/GT/*.xlsx:Sheet1[GT_Admission_Diagnosis,GT_Revised_Diagnosis,GT_Final_Diagnosis] | B146: 佛山 | C146: foshan_44 | D146: D1 | E146: 8 | F146: I-医源性 | H146: Sheet1 | I146: d1_palm_class|rule_adjusted | J146: analysis_viz/data/raw/center_data/佛山/GT/standardized_foshan.xlsx | K146: gemini-2.5-pro | L146: gala_api | M146: g1-llm-taxonomy-v1
A147: analysis_viz/data/raw/center_data/*/GT/*.xlsx:Sheet1[GT_Admission_Diagnosis,GT_Revised_Diagnosis,GT_Final_Diagnosis] | B147: 佛山 | C147: foshan_44 | D147: D2 | E147: 8 | F147: I-医源性 | H147: Sheet1 | I147: d2_palm_class|rule_adjusted | J147: analysis_viz/data/raw/center_data/佛山/GT/standardized_foshan.xlsx | K147: gemini-2.5-pro | L147: gala_api | M147: g1-llm-taxonomy-v1
A148: analysis_viz/data/raw/center_data/*/GT/*.xlsx:Sheet1[GT_Admission_Diagnosis,GT_Revised_Diagnosis,GT_Final_Diagnosis] | B148: 佛山 | C148: foshan_44 | D148: D3 | E148: 8 | F148: I-医源性 | H148: Sheet1 | I148: d3_palm_class|rule_adjusted | J148: analysis_viz/data/raw/center_data/佛山/GT/standardized_foshan.xlsx | K148: gemini-2.5-pro | L148: gala_api | M148: g1-llm-taxonomy-v1
A149: analysis_viz/data/raw/center_data/*/GT/*.xlsx:Sheet1[GT_Admission_Diagnosis,GT_Revised_Diagnosis,GT_Final_Diagnosis] | B149: 佛山 | C149: foshan_45 | D149: D1 | E149: 8 | F149: I-医源性 | H149: Sheet1 | I149: d1_palm_class|rule_adjusted | J149: analysis_viz/data/raw/center_data/佛山/GT/standardized_foshan.xlsx | K149: gemini-2.5-pro | L149: gala_api | M149: g1-llm-taxonomy-v1
A150: analysis_viz/data/raw/center_data/*/GT/*.xlsx:Sheet1[GT_Admission_Diagnosis,GT_Revised_Diagnosis,GT_Final_Diagnosis] | B150: 佛山 | C150: foshan_45 | D150: D2 | E150: 1 | F150: P-息肉 | H150: Sheet1 | I150: d2_palm_class|rule_adjusted | J150: analysis_viz/data/raw/center_data/佛山/GT/standardized_foshan.xlsx | K150: gemini-2.5-pro | L150: gala_api | M150: g1-llm-taxonomy-v1
A151: analysis_viz/data/raw/center_data/*/GT/*.xlsx:Sheet1[GT_Admission_Diagnosis,GT_Revised_Diagnosis,GT_Final_Diagnosis] | B151: 佛山 | C151: foshan_45 | D151: D3 | E151: 4 | F151: M-恶性/增生 | H151: Sheet1 | I151: d3_palm_class|rule_adjusted | J151: analysis_viz/data/raw/center_data/佛山/GT/standardized_foshan.xlsx | K151: gemini-2.5-pro | L151: gala_api | M151: g1-llm-taxonomy-v1
A152: analysis_viz/data/raw/center_data/*/GT/*.xlsx:Sheet1[GT_Admission_Diagnosis,GT_Revised_Diagnosis,GT_Final_Diagnosis] | B152: 佛山 | C152: foshan_46 | D152: D1 | E152: 3 | F152: L-肌瘤 | H152: Sheet1 | I152: d1_palm_class|rule_adjusted | J152: analysis_viz/data/raw/center_data/佛山/GT/standardized_foshan.xlsx | K152: gemini-2.5-pro | L152: gala_api | M152: g1-llm-taxonomy-v1
A153: analysis_viz/data/raw/center_data/*/GT/*.xlsx:Sheet1[GT_Admission_Diagnosis,GT_Revised_Diagnosis,GT_Final_Diagnosis] | B153: 佛山 | C153: foshan_46 | D153: D2 | E153: 3 | F153: L-肌瘤 | H153: Sheet1 | I153: d2_palm_class|rule_adjusted | J153: analysis_viz/data/raw/center_data/佛山/GT/standardized_foshan.xlsx | K153: gemini-2.5-pro | L153: gala_api | M153: g1-llm-taxonomy-v1
A154: analysis_viz/data/raw/center_data/*/GT/*.xlsx:Sheet1[GT_Admission_Diagnosis,GT_Revised_Diagnosis,GT_Final_Diagnosis] | B154: 佛山 | C154: foshan_46 | D154: D3 | E154: 9 | F154: N-非肿瘤 | G154: 标签归一化到N-非肿瘤 | H154: Sheet1 | I154: d3_palm_class|rule_adjusted | J154: analysis_viz/data/raw/center_data/佛山/GT/standardized_foshan.xlsx | K154: gemini-2.5-pro | L154: gala_api | M154: g1-llm-taxonomy-v1
A155: analysis_viz/data/raw/center_data/*/GT/*.xlsx:Sheet1[GT_Admission_Diagnosis,GT_Revised_Diagnosis,GT_Final_Diagnosis] | B155: 佛山 | C155: foshan_47 | D155: D1 | E155: 3 | F155: L-肌瘤 | H155: Sheet1 | I155: d1_palm_class|rule_adjusted | J155: analysis_viz/data/raw/center_data/佛山/GT/standardized_foshan.xlsx | K155: gemini-2.5-pro | L155: gala_api | M155: g1-llm-taxonomy-v1
A156: analysis_viz/data/raw/center_data/*/GT/*.xlsx:Sheet1[GT_Admission_Diagnosis,GT_Revised_Diagnosis,GT_Final_Diagnosis] | B156: 佛山 | C156: foshan_47 | D156: D2 | E156: 3 | F156: L-肌瘤 | H156: Sheet1 | I156: d2_palm_class|rule_adjusted | J156: analysis_viz/data/raw/center_data/佛山/GT/standardized_foshan.xlsx | K156: gemini-2.5-pro | L156: gala_api | M156: g1-llm-taxonomy-v1
A157: analysis_viz/data/raw/center_data/*/GT/*.xlsx:Sheet1[GT_Admission_Diagnosis,GT_Revised_Diagnosis,GT_Final_Diagnosis] | B157: 佛山 | C157: foshan_47 | D157: D3 | E157: 2 | F157: A-腺肌症 | H157: Sheet1 | I157: d3_palm_class|rule_adjusted | J157: analysis_viz/data/raw/center_data/佛山/GT/standardized_foshan.xlsx | K157: gemini-2.5-pro | L157: gala_api | M157: g1-llm-taxonomy-v1
A158: analysis_viz/data/raw/center_data/*/GT/*.xlsx:Sheet1[GT_Admission_Diagnosis,GT_Revised_Diagnosis,GT_Final_Diagnosis] | B158: 佛山 | C158: foshan_48 | D158: D1 | E158: 2 | F158: A-腺肌症 | H158: Sheet1 | I158: d1_palm_class|rule_adjusted | J158: analysis_viz/data/raw/center_data/佛山/GT/standardized_foshan.xlsx | K158: gemini-2.5-pro | L158: gala_api | M158: g1-llm-taxonomy-v1
A159: analysis_viz/data/raw/center_data/*/GT/*.xlsx:Sheet1[GT_Admission_Diagnosis,GT_Revised_Diagnosis,GT_Final_Diagnosis] | B159: 佛山 | C159: foshan_48 | D159: D2 | E159: 2 | F159: A-腺肌症 | H159: Sheet1 | I159: d2_palm_class|rule_adjusted | J159: analysis_viz/data/raw/center_data/佛山/GT/standardized_foshan.xlsx | K159: gemini-2.5-pro | L159: gala_api | M159: g1-llm-taxonomy-v1
A160: analysis_viz/data/raw/center_data/*/GT/*.xlsx:Sheet1[GT_Admission_Diagnosis,GT_Revised_Diagnosis,GT_Final_Diagnosis] | B160: 佛山 | C160: foshan_48 | D160: D3 | E160: 2 | F160: A-腺肌症 | H160: Sheet1 | I160: d3_palm_class|rule_adjusted | J160: analysis_viz/data/raw/center_data/佛山/GT/standardized_foshan.xlsx | K160: gemini-2.5-pro | L160: gala_api | M160: g1-llm-taxonomy-v1
A161: analysis_viz/data/raw/center_data/*/GT/*.xlsx:Sheet1[GT_Admission_Diagnosis,GT_Revised_Diagnosis,GT_Final_Diagnosis] | B161: 佛山 | C161: foshan_49 | D161: D1 | E161: 3 | F161: L-肌瘤 | H161: Sheet1 | I161: d1_palm_class|rule_adjusted | J161: analysis_viz/data/raw/center_data/佛山/GT/standardized_foshan.xlsx | K161: gemini-2.5-pro | L161: gala_api | M161: g1-llm-taxonomy-v1
A162: analysis_viz/data/raw/center_data/*/GT/*.xlsx:Sheet1[GT_Admission_Diagnosis,GT_Revised_Diagnosis,GT_Final_Diagnosis] | B162: 佛山 | C162: foshan_49 | D162: D2 | E162: 3 | F162: L-肌瘤 | H162: Sheet1 | I162: d2_palm_class|rule_adjusted | J162: analysis_viz/data/raw/center_data/佛山/GT/standardized_foshan.xlsx | K162: gemini-2.5-pro | L162: gala_api | M162: g1-llm-taxonomy-v1
A163: analysis_viz/data/raw/center_data/*/GT/*.xlsx:Sheet1[GT_Admission_Diagnosis,GT_Revised_Diagnosis,GT_Final_Diagnosis] | B163: 佛山 | C163: foshan_49 | D163: D3 | E163: 3 | F163: L-肌瘤 | H163: Sheet1 | I163: d3_palm_class|rule_adjusted | J163: analysis_viz/data/raw/center_data/佛山/GT/standardized_foshan.xlsx | K163: gemini-2.5-pro | L163: gala_api | M163: g1-llm-taxonomy-v1
A164: analysis_viz/data/raw/center_data/*/GT/*.xlsx:Sheet1[GT_Admission_Diagnosis,GT_Revised_Diagnosis,GT_Final_Diagnosis] | B164: 佛山 | C164: foshan_5 | D164: D1 | E164: 9 | F164: N-非肿瘤 | G164: 标签归一化到N-非肿瘤 | H164: Sheet1 | I164: d1_palm_class|rule_adjusted | J164: analysis_viz/data/raw/center_data/佛山/GT/standardized_foshan.xlsx | K164: gemini-2.5-pro | L164: gala_api | M164: g1-llm-taxonomy-v1
A165: analysis_viz/data/raw/center_data/*/GT/*.xlsx:Sheet1[GT_Admission_Diagnosis,GT_Revised_Diagnosis,GT_Final_Diagnosis] | B165: 佛山 | C165: foshan_5 | D165: D2 | E165: 9 | F165: N-非肿瘤 | G165: 标签归一化到N-非肿瘤 | H165: Sheet1 | I165: d2_palm_class|rule_adjusted | J165: analysis_viz/data/raw/center_data/佛山/GT/standardized_foshan.xlsx | K165: gemini-2.5-pro | L165: gala_api | M165: g1-llm-taxonomy-v1
A166: analysis_viz/data/raw/center_data/*/GT/*.xlsx:Sheet1[GT_Admission_Diagnosis,GT_Revised_Diagnosis,GT_Final_Diagnosis] | B166: 佛山 | C166: foshan_5 | D166: D3 | E166: 4 | F166: M-恶性/增生 | H166: Sheet1 | I166: d3_palm_class|rule_adjusted | J166: analysis_viz/data/raw/center_data/佛山/GT/standardized_foshan.xlsx | K166: gemini-2.5-pro | L166: gala_api | M166: g1-llm-taxonomy-v1
A167: analysis_viz/data/raw/center_data/*/GT/*.xlsx:Sheet1[GT_Admission_Diagnosis,GT_Revised_Diagnosis,GT_Final_Diagnosis] | B167: 佛山 | C167: foshan_50 | D167: D1 | E167: 2 | F167: A-腺肌症 | H167: Sheet1 | I167: d1_palm_class|rule_adjusted | J167: analysis_viz/data/raw/center_data/佛山/GT/standardized_foshan.xlsx | K167: gemini-2.5-pro | L167: gala_api | M167: g1-llm-taxonomy-v1
A168: analysis_viz/data/raw/center_data/*/GT/*.xlsx:Sheet1[GT_Admission_Diagnosis,GT_Revised_Diagnosis,GT_Final_Diagnosis] | B168: 佛山 | C168: foshan_50 | D168: D2 | E168: 2 | F168: A-腺肌症 | H168: Sheet1 | I168: d2_palm_class|rule_adjusted | J168: analysis_viz/data/raw/center_data/佛山/GT/standardized_foshan.xlsx | K168: gemini-2.5-pro | L168: gala_api | M168: g1-llm-taxonomy-v1
A169: analysis_viz/data/raw/center_data/*/GT/*.xlsx:Sheet1[GT_Admission_Diagnosis,GT_Revised_Diagnosis,GT_Final_Diagnosis] | B169: 佛山 | C169: foshan_50 | D169: D3 | E169: 2 | F169: A-腺肌症 | H169: Sheet1 | I169: d3_palm_class|rule_adjusted | J169: analysis_viz/data/raw/center_data/佛山/GT/standardized_foshan.xlsx | K169: gemini-2.5-pro | L169: gala_api | M169: g1-llm-taxonomy-v1
A170: analysis_viz/data/raw/center_data/*/GT/*.xlsx:Sheet1[GT_Admission_Diagnosis,GT_Revised_Diagnosis,GT_Final_Diagnosis] | B170: 佛山 | C170: foshan_51 | D170: D1 | E170: 1 | F170: P-息肉 | H170: Sheet1 | I170: d1_palm_class|rule_adjusted | J170: analysis_viz/data/raw/center_data/佛山/GT/standardized_foshan.xlsx | K170: gemini-2.5-pro | L170: gala_api | M170: g1-llm-taxonomy-v1
A171: analysis_viz/data/raw/center_data/*/GT/*.xlsx:Sheet1[GT_Admission_Diagnosis,GT_Revised_Diagnosis,GT_Final_Diagnosis] | B171: 佛山 | C171: foshan_51 | D171: D2 | E171: 1 | F171: P-息肉 | H171: Sheet1 | I171: d2_palm_class|rule_adjusted | J171: analysis_viz/data/raw/center_data/佛山/GT/standardized_foshan.xlsx | K171: gemini-2.5-pro | L171: gala_api | M171: g1-llm-taxonomy-v1
A172: analysis_viz/data/raw/center_data/*/GT/*.xlsx:Sheet1[GT_Admission_Diagnosis,GT_Revised_Diagnosis,GT_Final_Diagnosis] | B172: 佛山 | C172: foshan_51 | D172: D3 | E172: 4 | F172: M-恶性/增生 | H172: Sheet1 | I172: d3_palm_class|rule_adjusted | J172: analysis_viz/data/raw/center_data/佛山/GT/standardized_foshan.xlsx | K172: gemini-2.5-pro | L172: gala_api | M172: g1-llm-taxonomy-v1
A173: analysis_viz/data/raw/center_data/*/GT/*.xlsx:Sheet1[GT_Admission_Diagnosis,GT_Revised_Diagnosis,GT_Final_Diagnosis] | B173: 佛山 | C173: foshan_52 | D173: D1 | E173: 3 | F173: L-肌瘤 | H173: Sheet1 | I173: d1_palm_class|rule_adjusted | J173: analysis_viz/data/raw/center_data/佛山/GT/standardized_foshan.xlsx | K173: gemini-2.5-pro | L173: gala_api | M173: g1-llm-taxonomy-v1
A174: analysis_viz/data/raw/center_data/*/GT/*.xlsx:Sheet1[GT_Admission_Diagnosis,GT_Revised_Diagnosis,GT_Final_Diagnosis] | B174: 佛山 | C174: foshan_52 | D174: D2 | E174: 3 | F174: L-肌瘤 | H174: Sheet1 | I174: d2_palm_class|rule_adjusted | J174: analysis_viz/data/raw/center_data/佛山/GT/standardized_foshan.xlsx | K174: gemini-2.5-pro | L174: gala_api | M174: g1-llm-taxonomy-v1
A175: analysis_viz/data/raw/center_data/*/GT/*.xlsx:Sheet1[GT_Admission_Diagnosis,GT_Revised_Diagnosis,GT_Final_Diagnosis] | B175: 佛山 | C175: foshan_52 | D175: D3 | E175: 3 | F175: L-肌瘤 | H175: Sheet1 | I175: d3_palm_class|rule_adjusted | J175: analysis_viz/data/raw/center_data/佛山/GT/standardized_foshan.xlsx | K175: gemini-2.5-pro | L175: gala_api | M175: g1-llm-taxonomy-v1
A176: analysis_viz/data/raw/center_data/*/GT/*.xlsx:Sheet1[GT_Admission_Diagnosis,GT_Revised_Diagnosis,GT_Final_Diagnosis] | B176: 佛山 | C176: foshan_53 | D176: D1 | E176: 3 | F176: L-肌瘤 | H176: Sheet1 | I176: d1_palm_class|rule_adjusted | J176: analysis_viz/data/raw/center_data/佛山/GT/standardized_foshan.xlsx | K176: gemini-2.5-pro | L176: gala_api | M176: g1-llm-taxonomy-v1
A177: analysis_viz/data/raw/center_data/*/GT/*.xlsx:Sheet1[GT_Admission_Diagnosis,GT_Revised_Diagnosis,GT_Final_Diagnosis] | B177: 佛山 | C177: foshan_53 | D177: D2 | E177: 3 | F177: L-肌瘤 | H177: Sheet1 | I177: d2_palm_class|rule_adjusted | J177: analysis_viz/data/raw/center_data/佛山/GT/standardized_foshan.xlsx | K177: gemini-2.5-pro | L177: gala_api | M177: g1-llm-taxonomy-v1
... A196: analysis_viz/data/raw/center_data/*/GT/*.xlsx:Sheet1[GT_Admission_Diagnosis,GT_Revised_Diagnosis,GT_Final_Diagnosis] | B196: 佛山 | C196: foshan_59 | D196: D3 | E196: 3 | F196: L-肌瘤 | H196: Sheet1 | I196: d3_palm_class|rule_adjusted | J196: analysis_viz/data/raw/center_data/佛山/GT/standardized_foshan.xlsx | K196: gemini-2.5-pro | L196: gala_api | M196: g1-llm-taxonomy-v1
A197: analysis_viz/data/raw/center_data/*/GT/*.xlsx:Sheet1[GT_Admission_Diagnosis,GT_Revised_Diagnosis,GT_Final_Diagnosis] | B197: 佛山 | C197: foshan_6 | D197: D1 | E197: 9 | F197: 不适用 | G197: 妊娠相关诊断不纳入PALM-COEIN | H197: Sheet1 | I197: d1_palm_class|rule_adjusted | J197: analysis_viz/data/raw/center_data/佛山/GT/standardized_foshan.xlsx | K197: gemini-2.5-pro | L197: gala_api | M197: g1-llm-taxonomy-v1
A198: analysis_viz/data/raw/center_data/*/GT/*.xlsx:Sheet1[GT_Admission_Diagnosis,GT_Revised_Diagnosis,GT_Final_Diagnosis] | B198: 佛山 | C198: foshan_6 | D198: D2 | E198: 9 | F198: 不适用 | G198: 妊娠相关诊断不纳入PALM-COEIN | H198: Sheet1 | I198: d2_palm_class|rule_adjusted | J198: analysis_viz/data/raw/center_data/佛山/GT/standardized_foshan.xlsx | K198: gemini-2.5-pro | L198: gala_api | M198: g1-llm-taxonomy-v1
A199: analysis_viz/data/raw/center_data/*/GT/*.xlsx:Sheet1[GT_Admission_Diagnosis,GT_Revised_Diagnosis,GT_Final_Diagnosis] | B199: 佛山 | C199: foshan_6 | D199: D3 | E199: 9 | F199: 不适用 | G199: 妊娠相关诊断不纳入PALM-COEIN | H199: Sheet1 | I199: d3_palm_class|rule_adjusted | J199: analysis_viz/data/raw/center_data/佛山/GT/standardized_foshan.xlsx | K199: gemini-2.5-pro | L199: gala_api | M199: g1-llm-taxonomy-v1
A200: analysis_viz/data/raw/center_data/*/GT/*.xlsx:Sheet1[GT_Admission_Diagnosis,GT_Revised_Diagnosis,GT_Final_Diagnosis] | B200: 佛山 | C200: foshan_60 | D200: D1 | E200: 3 | F200: L-肌瘤 | H200: Sheet1 | I200: d1_palm_class|rule_adjusted | J200: analysis_viz/data/raw/center_data/佛山/GT/standardized_foshan.xlsx | K200: gemini-2.5-pro | L200: gala_api | M200: g1-llm-taxonomy-v1
A201: analysis_viz/data/raw/center_data/*/GT/*.xlsx:Sheet1[GT_Admission_Diagnosis,GT_Revised_Diagnosis,GT_Final_Diagnosis] | B201: 佛山 | C201: foshan_60 | D201: D2 | E201: 3 | F201: L-肌瘤 | H201: Sheet1 | I201: d2_palm_class|rule_adjusted | J201: analysis_viz/data/raw/center_data/佛山/GT/standardized_foshan.xlsx | K201: gemini-2.5-pro | L201: gala_api | M201: g1-llm-taxonomy-v1
A202: analysis_viz/data/raw/center_data/*/GT/*.xlsx:Sheet1[GT_Admission_Diagnosis,GT_Revised_Diagnosis,GT_Final_Diagnosis] | B202: 佛山 | C202: foshan_60 | D202: D3 | E202: 3 | F202: L-肌瘤 | H202: Sheet1 | I202: d3_palm_class|rule_adjusted | J202: analysis_viz/data/raw/center_data/佛山/GT/standardized_foshan.xlsx | K202: gemini-2.5-pro | L202: gala_api | M202: g1-llm-taxonomy-v1
A203: analysis_viz/data/raw/center_data/*/GT/*.xlsx:Sheet1[GT_Admission_Diagnosis,GT_Revised_Diagnosis,GT_Final_Diagnosis] | B203: 佛山 | C203: foshan_61 | D203: D1 | E203: 3 | F203: L-肌瘤 | H203: Sheet1 | I203: d1_palm_class|rule_adjusted | J203: analysis_viz/data/raw/center_data/佛山/GT/standardized_foshan.xlsx | K203: gemini-2.5-pro | L203: gala_api | M203: g1-llm-taxonomy-v1
A204: analysis_viz/data/raw/center_data/*/GT/*.xlsx:Sheet1[GT_Admission_Diagnosis,GT_Revised_Diagnosis,GT_Final_Diagnosis] | B204: 佛山 | C204: foshan_61 | D204: D2 | E204: 3 | F204: L-肌瘤 | H204: Sheet1 | I204: d2_palm_class|rule_adjusted | J204: analysis_viz/data/raw/center_data/佛山/GT/standardized_foshan.xlsx | K204: gemini-2.5-pro | L204: gala_api | M204: g1-llm-taxonomy-v1
A205: analysis_viz/data/raw/center_data/*/GT/*.xlsx:Sheet1[GT_Admission_Diagnosis,GT_Revised_Diagnosis,GT_Final_Diagnosis] | B205: 佛山 | C205: foshan_61 | D205: D3 | E205: 3 | F205: L-肌瘤 | H205: Sheet1 | I205: d3_palm_class|rule_adjusted | J205: analysis_viz/data/raw/center_data/佛山/GT/standardized_foshan.xlsx | K205: gemini-2.5-pro | L205: gala_api | M205: g1-llm-taxonomy-v1
A206: analysis_viz/data/raw/center_data/*/GT/*.xlsx:Sheet1[GT_Admission_Diagnosis,GT_Revised_Diagnosis,GT_Final_Diagnosis] | B206: 佛山 | C206: foshan_62 | D206: D1 | E206: 3 | F206: L-肌瘤 | H206: Sheet1 | I206: d1_palm_class|rule_adjusted | J206: analysis_viz/data/raw/center_data/佛山/GT/standardized_foshan.xlsx | K206: gemini-2.5-pro | L206: gala_api | M206: g1-llm-taxonomy-v1
A207: analysis_viz/data/raw/center_data/*/GT/*.xlsx:Sheet1[GT_Admission_Diagnosis,GT_Revised_Diagnosis,GT_Final_Diagnosis] | B207: 佛山 | C207: foshan_62 | D207: D2 | E207: 3 | F207: L-肌瘤 | H207: Sheet1 | I207: d2_palm_class|rule_adjusted | J207: analysis_viz/data/raw/center_data/佛山/GT/standardized_foshan.xlsx | K207: gemini-2.5-pro | L207: gala_api | M207: g1-llm-taxonomy-v1
A208: analysis_viz/data/raw/center_data/*/GT/*.xlsx:Sheet1[GT_Admission_Diagnosis,GT_Revised_Diagnosis,GT_Final_Diagnosis] | B208: 佛山 | C208: foshan_62 | D208: D3 | E208: 3 | F208: L-肌瘤 | H208: Sheet1 | I208: d3_palm_class|rule_adjusted | J208: analysis_viz/data/raw/center_data/佛山/GT/standardized_foshan.xlsx | K208: gemini-2.5-pro | L208: gala_api | M208: g1-llm-taxonomy-v1
A209: analysis_viz/data/raw/center_data/*/GT/*.xlsx:Sheet1[GT_Admission_Diagnosis,GT_Revised_Diagnosis,GT_Final_Diagnosis] | B209: 佛山 | C209: foshan_63 | D209: D1 | E209: 4 | F209: M-恶性/增生 | H209: Sheet1 | I209: d1_palm_class|rule_adjusted | J209: analysis_viz/data/raw/center_data/佛山/GT/standardized_foshan.xlsx | K209: gemini-2.5-pro | L209: gala_api | M209: g1-llm-taxonomy-v1
A210: analysis_viz/data/raw/center_data/*/GT/*.xlsx:Sheet1[GT_Admission_Diagnosis,GT_Revised_Diagnosis,GT_Final_Diagnosis] | B210: 佛山 | C210: foshan_63 | D210: D2 | E210: 3 | F210: L-肌瘤 | H210: Sheet1 | I210: d2_palm_class|rule_adjusted | J210: analysis_viz/data/raw/center_data/佛山/GT/standardized_foshan.xlsx | K210: gemini-2.5-pro | L210: gala_api | M210: g1-llm-taxonomy-v1
A211: analysis_viz/data/raw/center_data/*/GT/*.xlsx:Sheet1[GT_Admission_Diagnosis,GT_Revised_Diagnosis,GT_Final_Diagnosis] | B211: 佛山 | C211: foshan_63 | D211: D3 | E211: 2 | F211: A-腺肌症 | H211: Sheet1 | I211: d3_palm_class|rule_adjusted | J211: analysis_viz/data/raw/center_data/佛山/GT/standardized_foshan.xlsx | K211: gemini-2.5-pro | L211: gala_api | M211: g1-llm-taxonomy-v1
... A229: analysis_viz/data/raw/center_data/*/GT/*.xlsx:Sheet1[GT_Admission_Diagnosis,GT_Revised_Diagnosis,GT_Final_Diagnosis] | B229: 佛山 | C229: foshan_69 | D229: D3 | E229: 4 | F229: M-恶性/增生 | H229: Sheet1 | I229: d3_palm_class|rule_adjusted | J229: analysis_viz/data/raw/center_data/佛山/GT/standardized_foshan.xlsx | K229: gemini-2.5-pro | L229: gala_api | M229: g1-llm-taxonomy-v1
A230: analysis_viz/data/raw/center_data/*/GT/*.xlsx:Sheet1[GT_Admission_Diagnosis,GT_Revised_Diagnosis,GT_Final_Diagnosis] | B230: 佛山 | C230: foshan_7 | D230: D1 | E230: 9 | F230: 不适用 | G230: 妊娠相关诊断不纳入PALM-COEIN | H230: Sheet1 | I230: d1_palm_class|rule_adjusted | J230: analysis_viz/data/raw/center_data/佛山/GT/standardized_foshan.xlsx | K230: gemini-2.5-pro | L230: gala_api | M230: g1-llm-taxonomy-v1
A231: analysis_viz/data/raw/center_data/*/GT/*.xlsx:Sheet1[GT_Admission_Diagnosis,GT_Revised_Diagnosis,GT_Final_Diagnosis] | B231: 佛山 | C231: foshan_7 | D231: D2 | E231: 9 | F231: 不适用 | G231: 妊娠相关诊断不纳入PALM-COEIN | H231: Sheet1 | I231: d2_palm_class|rule_adjusted | J231: analysis_viz/data/raw/center_data/佛山/GT/standardized_foshan.xlsx | K231: gemini-2.5-pro | L231: gala_api | M231: g1-llm-taxonomy-v1
A232: analysis_viz/data/raw/center_data/*/GT/*.xlsx:Sheet1[GT_Admission_Diagnosis,GT_Revised_Diagnosis,GT_Final_Diagnosis] | B232: 佛山 | C232: foshan_7 | D232: D3 | E232: 9 | F232: 不适用 | G232: 妊娠相关诊断不纳入PALM-COEIN | H232: Sheet1 | I232: d3_palm_class|rule_adjusted | J232: analysis_viz/data/raw/center_data/佛山/GT/standardized_foshan.xlsx | K232: gemini-2.5-pro | L232: gala_api | M232: g1-llm-taxonomy-v1
A233: analysis_viz/data/raw/center_data/*/GT/*.xlsx:Sheet1[GT_Admission_Diagnosis,GT_Revised_Diagnosis,GT_Final_Diagnosis] | B233: 佛山 | C233: foshan_70 | D233: D1 | E233: 4 | F233: M-恶性/增生 | H233: Sheet1 | I233: d1_palm_class|rule_adjusted | J233: analysis_viz/data/raw/center_data/佛山/GT/standardized_foshan.xlsx | K233: gemini-2.5-pro | L233: gala_api | M233: g1-llm-taxonomy-v1
A234: analysis_viz/data/raw/center_data/*/GT/*.xlsx:Sheet1[GT_Admission_Diagnosis,GT_Revised_Diagnosis,GT_Final_Diagnosis] | B234: 佛山 | C234: foshan_70 | D234: D2 | E234: 4 | F234: M-恶性/增生 | H234: Sheet1 | I234: d2_palm_class|rule_adjusted | J234: analysis_viz/data/raw/center_data/佛山/GT/standardized_foshan.xlsx | K234: gemini-2.5-pro | L234: gala_api | M234: g1-llm-taxonomy-v1
A235: analysis_viz/data/raw/center_data/*/GT/*.xlsx:Sheet1[GT_Admission_Diagnosis,GT_Revised_Diagnosis,GT_Final_Diagnosis] | B235: 佛山 | C235: foshan_70 | D235: D3 | E235: 4 | F235: M-恶性/增生 | H235: Sheet1 | I235: d3_palm_class|rule_adjusted | J235: analysis_viz/data/raw/center_data/佛山/GT/standardized_foshan.xlsx | K235: gemini-2.5-pro | L235: gala_api | M235: g1-llm-taxonomy-v1
A236: analysis_viz/data/raw/center_data/*/GT/*.xlsx:Sheet1[GT_Admission_Diagnosis,GT_Revised_Diagnosis,GT_Final_Diagnosis] | B236: 佛山 | C236: foshan_71 | D236: D1 | E236: 1 | F236: P-息肉 | H236: Sheet1 | I236: d1_palm_class|rule_adjusted | J236: analysis_viz/data/raw/center_data/佛山/GT/standardized_foshan.xlsx | K236: gemini-2.5-pro | L236: gala_api | M236: g1-llm-taxonomy-v1
...

Sheet 明细_llm_taxonomy_病例
A1: source_table | B1: center | C1: case_id | D1: d1_palm_label | E1: d2_palm_label | F1: d3_palm_label | G1: final_icd10_code | H1: final_benign_malignant_raw | I1: final_benign_malignant | J1: surgery_plan_label | K1: postop_plan_label | L1: rehab_plan_label | M1: followup_plan_label | N1: fallback_used | O1: channel | P1: model | Q1: prompt_version | R1: source_gt_path | S1: source_gt_sheet | T1: error_tag | U1: llm_status
A2: analysis_viz/data/derived/figdata/v2_subplots/G1_dataset/G1_llm_case_taxonomy_v1.csv | B2: 佛山 | C2: foshan_10 | D2: L-肌瘤 | E2: M-恶性/增生 | F2: M-恶性/增生 | G2: C54.1 | H2: 恶性 | I2: 恶性 | J2: 手术处置 | K2: 药物/内分泌治疗 | L2: 康复/护理 | M2: 随访管理 | N2: 0 | O2: gala_api | P2: gemini-2.5-pro | Q2: g1-llm-taxonomy-v1 | R2: analysis_viz/data/raw/center_data/佛山/GT/standardized_foshan.xlsx | S2: Sheet1 | T2: NONE | U2: llm_success
A3: analysis_viz/data/derived/figdata/v2_subplots/G1_dataset/G1_llm_case_taxonomy_v1.csv | B3: 佛山 | C3: foshan_100 | D3: L-肌瘤 | E3: L-肌瘤 | F3: L-肌瘤 | G3: D25.9 | H3: 良性 | I3: 良性 | J3: 手术处置 | K3: 无/未提及 | L3: 康复/护理 | M3: 随访管理 | N3: 0 | O3: gala_api | P3: gemini-2.5-pro | Q3: g1-llm-taxonomy-v1 | R3: analysis_viz/data/raw/center_data/佛山/GT/standardized_foshan.xlsx | S3: Sheet1 | T3: NONE | U3: llm_success
A4: analysis_viz/data/derived/figdata/v2_subplots/G1_dataset/G1_llm_case_taxonomy_v1.csv | B4: 佛山 | C4: foshan_101 | D4: M-恶性/增生 | E4: M-恶性/增生 | F4: M-恶性/增生 | G4: C54.1 | H4: 恶性 | I4: 恶性 | J4: 手术处置 | K4: 手术处置 | L4: 康复/护理 | M4: 随访管理 | N4: 0 | O4: gala_api | P4: gemini-2.5-pro | Q4: g1-llm-taxonomy-v1 | R4: analysis_viz/data/raw/center_data/佛山/GT/standardized_foshan.xlsx | S4: Sheet1 | T4: NONE | U4: llm_success
A5: analysis_viz/data/derived/figdata/v2_subplots/G1_dataset/G1_llm_case_taxonomy_v1.csv | B5: 佛山 | C5: foshan_102 | D5: M-恶性/增生 | E5: M-恶性/增生 | F5: M-恶性/增生 | G5: N85.1 | H5: 恶性 | I5: 恶性 | J5: 手术处置 | K5: 无/未提及 | L5: 康复/护理 | M5: 无/未提及 | N5: 0 | O5: gala_api | P5: gemini-2.5-pro | Q5: g1-llm-taxonomy-v1 | R5: analysis_viz/data/raw/center_data/佛山/GT/standardized_foshan.xlsx | S5: Sheet1 | T5: NONE | U5: llm_success
A6: analysis_viz/data/derived/figdata/v2_subplots/G1_dataset/G1_llm_case_taxonomy_v1.csv | B6: 佛山 | C6: foshan_103 | D6: M-恶性/增生 | E6: M-恶性/增生 | F6: M-恶性/增生 | G6: N85.0 | H6: 良性 | I6: 恶性 | J6: 手术处置 | K6: 药物/内分泌治疗 | L6: 康复/护理 | M6: 随访管理 | N6: 0 | O6: gala_api | P6: gemini-2.5-pro | Q6: g1-llm-taxonomy-v1 | R6: analysis_viz/data/raw/center_data/佛山/GT/standardized_foshan.xlsx | S6: Sheet1 | T6: NONE | U6: llm_success
A7: analysis_viz/data/derived/figdata/v2_subplots/G1_dataset/G1_llm_case_taxonomy_v1.csv | B7: 佛山 | C7: foshan_104 | D7: M-恶性/增生 | E7: M-恶性/增生 | F7: M-恶性/增生 | G7: C54.1 | H7: 恶性 | I7: 恶性 | J7: 手术处置 | K7: 检查/监测 | L7: 康复/护理 | M7: 随访管理 | N7: 0 | O7: gala_api | P7: gemini-2.5-pro | Q7: g1-llm-taxonomy-v1 | R7: analysis_viz/data/raw/center_data/佛山/GT/standardized_foshan.xlsx | S7: Sheet1 | T7: NONE | U7: llm_success
A8: analysis_viz/data/derived/figdata/v2_subplots/G1_dataset/G1_llm_case_taxonomy_v1.csv | B8: 佛山 | C8: foshan_105 | D8: M-恶性/增生 | E8: M-恶性/增生 | F8: M-恶性/增生 | G8: N87.1 | H8: 未分类 | I8: 恶性 | J8: 手术处置 | K8: 无/未提及 | L8: 康复/护理 | M8: 随访管理 | N8: 0 | O8: gala_api | P8: gemini-2.5-pro | Q8: g1-llm-taxonomy-v1 | R8: analysis_viz/data/raw/center_data/佛山/GT/standardized_foshan.xlsx | S8: Sheet1 | T8: NONE | U8: llm_success
A9: analysis_viz/data/derived/figdata/v2_subplots/G1_dataset/G1_llm_case_taxonomy_v1.csv | B9: 佛山 | C9: foshan_106 | D9: L-肌瘤 | E9: L-肌瘤 | F9: L-肌瘤 | G9: D25.9 | H9: 良性 | I9: 良性 | J9: 手术处置 | K9: 无/未提及 | L9: 康复/护理 | M9: 随访管理 | N9: 0 | O9: gala_api | P9: gemini-2.5-pro | Q9: g1-llm-taxonomy-v1 | R9: analysis_viz/data/raw/center_data/佛山/GT/standardized_foshan.xlsx | S9: Sheet1 | T9: NONE | U9: llm_success
A10: analysis_viz/data/derived/figdata/v2_subplots/G1_dataset/G1_llm_case_taxonomy_v1.csv | B10: 佛山 | C10: foshan_107 | D10: P-息肉 | E10: P-息肉 | F10: P-息肉 | G10: N84.1 | H10: 良性 | I10: 良性 | J10: 手术处置 | K10: 无/未提及 | L10: 康复/护理 | M10: 无/未提及 | N10: 0 | O10: gala_api | P10: gemini-2.5-pro | Q10: g1-llm-taxonomy-v1 | R10: analysis_viz/data/raw/center_data/佛山/GT/standardized_foshan.xlsx | S10: Sheet1 | T10: NONE | U10: llm_success
A11: analysis_viz/data/derived/figdata/v2_subplots/G1_dataset/G1_llm_case_taxonomy_v1.csv | B11: 佛山 | C11: foshan_108 | D11: P-息肉 | E11: P-息肉 | F11: P-息肉 | G11: N84.1 | H11: 良性 | I11: 良性 | J11: 手术处置 | K11: 无/未提及 | L11: 康复/护理 | M11: 随访管理 | N11: 0 | O11: gala_api | P11: gemini-2.5-pro | Q11: g1-llm-taxonomy-v1 | R11: analysis_viz/data/raw/center_data/佛山/GT/standardized_foshan.xlsx | S11: Sheet1 | T11: NONE | U11: llm_success
A12: analysis_viz/data/derived/figdata/v2_subplots/G1_dataset/G1_llm_case_taxonomy_v1.csv | B12: 佛山 | C12: foshan_109 | D12: P-息肉 | E12: P-息肉 | F12: P-息肉 | G12: N84.0 | H12: 良性 | I12: 良性 | J12: 手术处置 | K12: 药物/内分泌治疗 | L12: 康复/护理 | M12: 随访管理 | N12: 0 | O12: gala_api | P12: gemini-2.5-pro | Q12: g1-llm-taxonomy-v1 | R12: analysis_viz/data/raw/center_data/佛山/GT/standardized_foshan.xlsx | S12: Sheet1 | T12: NONE | U12: llm_success
A13: analysis_viz/data/derived/figdata/v2_subplots/G1_dataset/G1_llm_case_taxonomy_v1.csv | B13: 佛山 | C13: foshan_11 | D13: M-恶性/增生 | E13: M-恶性/增生 | F13: M-恶性/增生 | G13: C54.1 | H13: 恶性 | I13: 恶性 | J13: 手术处置 | K13: 药物/内分泌治疗 | L13: 无/未提及 | M13: 随访管理 | N13: 0 | O13: gala_api | P13: gemini-2.5-pro | Q13: g1-llm-taxonomy-v1 | R13: analysis_viz/data/raw/center_data/佛山/GT/standardized_foshan.xlsx | S13: Sheet1 | T13: NONE | U13: llm_success
... A305: analysis_viz/data/derived/figdata/v2_subplots/G1_dataset/G1_llm_case_taxonomy_v1.csv | B305: 武汉 | C305: wuhan_99 | D305: P-息肉 | E305: P-息肉 | F305: P-息肉 | G305: N84.0 | H305: 良性 | I305: 良性 | J305: 手术处置 | K305: 随访管理 | L305: 随访管理 | M305: 随访管理 | N305: 0 | O305: gala_api | P305: gemini-2.5-pro | Q305: g1-llm-taxonomy-v1 | R305: analysis_viz/data/raw/center_data/武汉/GT/standardized_wuhan - 移动信息.xlsx | S305: Sheet1 | T305: NONE | U305: llm_success

Sheet 明细_中心_bm_病例
A1: source_table | B1: center | C1: case_id | D1: d1_palm_label | E1: d2_palm_label | F1: d3_palm_label | G1: final_icd10_code | H1: final_benign_malignant_raw | I1: final_benign_malignant | J1: surgery_plan_label | K1: postop_plan_label | L1: rehab_plan_label | M1: followup_plan_label | N1: fallback_used | O1: channel | P1: model | Q1: prompt_version | R1: source_gt_path | S1: source_gt_sheet | T1: error_tag | U1: llm_status | V1: benign_malignant_from_d3 | W1: bm_conflict_flag
A2: A图内圈复现明细；final_benign_malignant 基于 d3_palm_label 进行恶性兜底纠偏 | B2: 佛山 | C2: foshan_10 | D2: L-肌瘤 | E2: M-恶性/增生 | F2: M-恶性/增生 | G2: C54.1 | H2: 恶性 | I2: 恶性 | J2: 手术处置 | K2: 药物/内分泌治疗 | L2: 康复/护理 | M2: 随访管理 | N2: 0 | O2: gala_api | P2: gemini-2.5-pro | Q2: g1-llm-taxonomy-v1 | R2: analysis_viz/data/raw/center_data/佛山/GT/standardized_foshan.xlsx | S2: Sheet1 | T2: NONE | U2: llm_success | V2: 恶性 | W2: 0
A3: A图内圈复现明细；final_benign_malignant 基于 d3_palm_label 进行恶性兜底纠偏 | B3: 佛山 | C3: foshan_100 | D3: L-肌瘤 | E3: L-肌瘤 | F3: L-肌瘤 | G3: D25.9 | H3: 良性 | I3: 良性 | J3: 手术处置 | K3: 无/未提及 | L3: 康复/护理 | M3: 随访管理 | N3: 0 | O3: gala_api | P3: gemini-2.5-pro | Q3: g1-llm-taxonomy-v1 | R3: analysis_viz/data/raw/center_data/佛山/GT/standardized_foshan.xlsx | S3: Sheet1 | T3: NONE | U3: llm_success | V3: 良性 | W3: 0
A4: A图内圈复现明细；final_benign_malignant 基于 d3_palm_label 进行恶性兜底纠偏 | B4: 佛山 | C4: foshan_101 | D4: M-恶性/增生 | E4: M-恶性/增生 | F4: M-恶性/增生 | G4: C54.1 | H4: 恶性 | I4: 恶性 | J4: 手术处置 | K4: 手术处置 | L4: 康复/护理 | M4: 随访管理 | N4: 0 | O4: gala_api | P4: gemini-2.5-pro | Q4: g1-llm-taxonomy-v1 | R4: analysis_viz/data/raw/center_data/佛山/GT/standardized_foshan.xlsx | S4: Sheet1 | T4: NONE | U4: llm_success | V4: 恶性 | W4: 0
A5: A图内圈复现明细；final_benign_malignant 基于 d3_palm_label 进行恶性兜底纠偏 | B5: 佛山 | C5: foshan_102 | D5: M-恶性/增生 | E5: M-恶性/增生 | F5: M-恶性/增生 | G5: N85.1 | H5: 恶性 | I5: 恶性 | J5: 手术处置 | K5: 无/未提及 | L5: 康复/护理 | M5: 无/未提及 | N5: 0 | O5: gala_api | P5: gemini-2.5-pro | Q5: g1-llm-taxonomy-v1 | R5: analysis_viz/data/raw/center_data/佛山/GT/standardized_foshan.xlsx | S5: Sheet1 | T5: NONE | U5: llm_success | V5: 恶性 | W5: 0
A6: A图内圈复现明细；final_benign_malignant 基于 d3_palm_label 进行恶性兜底纠偏 | B6: 佛山 | C6: foshan_103 | D6: M-恶性/增生 | E6: M-恶性/增生 | F6: M-恶性/增生 | G6: N85.0 | H6: 良性 | I6: 恶性 | J6: 手术处置 | K6: 药物/内分泌治疗 | L6: 康复/护理 | M6: 随访管理 | N6: 0 | O6: gala_api | P6: gemini-2.5-pro | Q6: g1-llm-taxonomy-v1 | R6: analysis_viz/data/raw/center_data/佛山/GT/standardized_foshan.xlsx | S6: Sheet1 | T6: NONE | U6: llm_success | V6: 恶性 | W6: 0
A7: A图内圈复现明细；final_benign_malignant 基于 d3_palm_label 进行恶性兜底纠偏 | B7: 佛山 | C7: foshan_104 | D7: M-恶性/增生 | E7: M-恶性/增生 | F7: M-恶性/增生 | G7: C54.1 | H7: 恶性 | I7: 恶性 | J7: 手术处置 | K7: 检查/监测 | L7: 康复/护理 | M7: 随访管理 | N7: 0 | O7: gala_api | P7: gemini-2.5-pro | Q7: g1-llm-taxonomy-v1 | R7: analysis_viz/data/raw/center_data/佛山/GT/standardized_foshan.xlsx | S7: Sheet1 | T7: NONE | U7: llm_success | V7: 恶性 | W7: 0
A8: A图内圈复现明细；final_benign_malignant 基于 d3_palm_label 进行恶性兜底纠偏 | B8: 佛山 | C8: foshan_105 | D8: M-恶性/增生 | E8: M-恶性/增生 | F8: M-恶性/增生 | G8: N87.1 | H8: 未分类 | I8: 恶性 | J8: 手术处置 | K8: 无/未提及 | L8: 康复/护理 | M8: 随访管理 | N8: 0 | O8: gala_api | P8: gemini-2.5-pro | Q8: g1-llm-taxonomy-v1 | R8: analysis_viz/data/raw/center_data/佛山/GT/standardized_foshan.xlsx | S8: Sheet1 | T8: NONE | U8: llm_success | V8: 恶性 | W8: 0
A9: A图内圈复现明细；final_benign_malignant 基于 d3_palm_label 进行恶性兜底纠偏 | B9: 佛山 | C9: foshan_106 | D9: L-肌瘤 | E9: L-肌瘤 | F9: L-肌瘤 | G9: D25.9 | H9: 良性 | I9: 良性 | J9: 手术处置 | K9: 无/未提及 | L9: 康复/护理 | M9: 随访管理 | N9: 0 | O9: gala_api | P9: gemini-2.5-pro | Q9: g1-llm-taxonomy-v1 | R9: analysis_viz/data/raw/center_data/佛山/GT/standardized_foshan.xlsx | S9: Sheet1 | T9: NONE | U9: llm_success | V9: 良性 | W9: 0
A10: A图内圈复现明细；final_benign_malignant 基于 d3_palm_label 进行恶性兜底纠偏 | B10: 佛山 | C10: foshan_107 | D10: P-息肉 | E10: P-息肉 | F10: P-息肉 | G10: N84.1 | H10: 良性 | I10: 良性 | J10: 手术处置 | K10: 无/未提及 | L10: 康复/护理 | M10: 无/未提及 | N10: 0 | O10: gala_api | P10: gemini-2.5-pro | Q10: g1-llm-taxonomy-v1 | R10: analysis_viz/data/raw/center_data/佛山/GT/standardized_foshan.xlsx | S10: Sheet1 | T10: NONE | U10: llm_success | V10: 良性 | W10: 0
A11: A图内圈复现明细；final_benign_malignant 基于 d3_palm_label 进行恶性兜底纠偏 | B11: 佛山 | C11: foshan_108 | D11: P-息肉 | E11: P-息肉 | F11: P-息肉 | G11: N84.1 | H11: 良性 | I11: 良性 | J11: 手术处置 | K11: 无/未提及 | L11: 康复/护理 | M11: 随访管理 | N11: 0 | O11: gala_api | P11: gemini-2.5-pro | Q11: g1-llm-taxonomy-v1 | R11: analysis_viz/data/raw/center_data/佛山/GT/standardized_foshan.xlsx | S11: Sheet1 | T11: NONE | U11: llm_success | V11: 良性 | W11: 0
A12: A图内圈复现明细；final_benign_malignant 基于 d3_palm_label 进行恶性兜底纠偏 | B12: 佛山 | C12: foshan_109 | D12: P-息肉 | E12: P-息肉 | F12: P-息肉 | G12: N84.0 | H12: 良性 | I12: 良性 | J12: 手术处置 | K12: 药物/内分泌治疗 | L12: 康复/护理 | M12: 随访管理 | N12: 0 | O12: gala_api | P12: gemini-2.5-pro | Q12: g1-llm-taxonomy-v1 | R12: analysis_viz/data/raw/center_data/佛山/GT/standardized_foshan.xlsx | S12: Sheet1 | T12: NONE | U12: llm_success | V12: 良性 | W12: 0
A13: A图内圈复现明细；final_benign_malignant 基于 d3_palm_label 进行恶性兜底纠偏 | B13: 佛山 | C13: foshan_11 | D13: M-恶性/增生 | E13: M-恶性/增生 | F13: M-恶性/增生 | G13: C54.1 | H13: 恶性 | I13: 恶性 | J13: 手术处置 | K13: 药物/内分泌治疗 | L13: 无/未提及 | M13: 随访管理 | N13: 0 | O13: gala_api | P13: gemini-2.5-pro | Q13: g1-llm-taxonomy-v1 | R13: analysis_viz/data/raw/center_data/佛山/GT/standardized_foshan.xlsx | S13: Sheet1 | T13: NONE | U13: llm_success | V13: 恶性 | W13: 0
... A305: A图内圈复现明细；final_benign_malignant 基于 d3_palm_label 进行恶性兜底纠偏 | B305: 武汉 | C305: wuhan_99 | D305: P-息肉 | E305: P-息肉 | F305: P-息肉 | G305: N84.0 | H305: 良性 | I305: 良性 | J305: 手术处置 | K305: 随访管理 | L305: 随访管理 | M305: 随访管理 | N305: 0 | O305: gala_api | P305: gemini-2.5-pro | Q305: g1-llm-taxonomy-v1 | R305: analysis_viz/data/raw/center_data/武汉/GT/standardized_wuhan - 移动信息.xlsx | S305: Sheet1 | T305: NONE | U305: llm_success | V305: 良性 | W305: 0

Sheet 明细_llm_taxonomy_error_病例
A1: source_table | B1: center | C1: case_id | D1: fallback_used | E1: error_tag | F1: error | G1: channel | H1: model | I1: source_gt_path | J1: source_gt_sheet
A2: analysis_viz/data/derived/figdata/v2_subplots/G1_dataset/G1_llm_case_taxonomy_v1.csv[error,fallback_used] | B2: 佛山 | C2: foshan_85 | D2: 1 | E2: HTTP_429 | F2: 429 Client Error: Too Many Requests for url: https://yunwu.ai/v1/chat/completions | G2: gala_api | H2: gemini-2.5-pro | I2: analysis_viz/data/raw/center_data/佛山/GT/standardized_foshan.xlsx | J2: Sheet1
A3: analysis_viz/data/derived/figdata/v2_subplots/G1_dataset/G1_llm_case_taxonomy_v1.csv[error,fallback_used] | B3: 佛山 | C3: foshan_90 | D3: 1 | E3: HTTP_429 | F3: 429 Client Error: Too Many Requests for url: https://yunwu.ai/v1/chat/completions | G3: gala_api | H3: gemini-2.5-pro | I3: analysis_viz/data/raw/center_data/佛山/GT/standardized_foshan.xlsx | J3: Sheet1
A4: analysis_viz/data/derived/figdata/v2_subplots/G1_dataset/G1_llm_case_taxonomy_v1.csv[error,fallback_used] | B4: 新疆 | C4: Xinjiang_006 | D4: 1 | E4: HTTP_429 | F4: 429 Client Error: Too Many Requests for url: https://yunwu.ai/v1/chat/completions | G4: gala_api | H4: gemini-2.5-pro | I4: analysis_viz/data/raw/center_data/新疆/GT/standardized_xinjiang.xlsx | J4: Sheet1
A5: analysis_viz/data/derived/figdata/v2_subplots/G1_dataset/G1_llm_case_taxonomy_v1.csv[error,fallback_used] | B5: 新疆 | C5: Xinjiang_020 | D5: 1 | E5: HTTP_429 | F5: 429 Client Error: Too Many Requests for url: https://yunwu.ai/v1/chat/completions | G5: gala_api | H5: gemini-2.5-pro | I5: analysis_viz/data/raw/center_data/新疆/GT/standardized_xinjiang.xlsx | J5: Sheet1
A6: analysis_viz/data/derived/figdata/v2_subplots/G1_dataset/G1_llm_case_taxonomy_v1.csv[error,fallback_used] | B6: 新疆 | C6: Xinjiang_074 | D6: 1 | E6: HTTP_429 | F6: 429 Client Error: Too Many Requests for url: https://yunwu.ai/v1/chat/completions | G6: gala_api | H6: gemini-2.5-pro | I6: analysis_viz/data/raw/center_data/新疆/GT/standardized_xinjiang.xlsx | J6: Sheet1
A7: analysis_viz/data/derived/figdata/v2_subplots/G1_dataset/G1_llm_case_taxonomy_v1.csv[error,fallback_used] | B7: 新疆 | C7: Xinjiang_089 | D7: 1 | E7: HTTP_429 | F7: 429 Client Error: Too Many Requests for url: https://yunwu.ai/v1/chat/completions | G7: gala_api | H7: gemini-2.5-pro | I7: analysis_viz/data/raw/center_data/新疆/GT/standardized_xinjiang.xlsx | J7: Sheet1
A8: analysis_viz/data/derived/figdata/v2_subplots/G1_dataset/G1_llm_case_taxonomy_v1.csv[error,fallback_used] | B8: 新疆 | C8: Xinjiang_090 | D8: 1 | E8: HTTP_429 | F8: 429 Client Error: Too Many Requests for url: https://yunwu.ai/v1/chat/completions | G8: gala_api | H8: gemini-2.5-pro | I8: analysis_viz/data/raw/center_data/新疆/GT/standardized_xinjiang.xlsx | J8: Sheet1
A9: analysis_viz/data/derived/figdata/v2_subplots/G1_dataset/G1_llm_case_taxonomy_v1.csv[error,fallback_used] | B9: 武汉 | C9: wuhan_101 | D9: 1 | E9: HTTP_429 | F9: 429 Client Error: Too Many Requests for url: https://yunwu.ai/v1/chat/completions | G9: gala_api | H9: gemini-2.5-pro | I9: analysis_viz/data/raw/center_data/武汉/GT/standardized_wuhan - 移动信息.xlsx | J9: Sheet1
A10: analysis_viz/data/derived/figdata/v2_subplots/G1_dataset/G1_llm_case_taxonomy_v1.csv[error,fallback_used] | B10: 武汉 | C10: wuhan_26 | D10: 1 | E10: HTTP_429 | F10: 429 Client Error: Too Many Requests for url: https://yunwu.ai/v1/chat/completions | G10: gala_api | H10: gemini-2.5-pro | I10: analysis_viz/data/raw/center_data/武汉/GT/standardized_wuhan - 移动信息.xlsx | J10: Sheet1
A11: analysis_viz/data/derived/figdata/v2_subplots/G1_dataset/G1_llm_case_taxonomy_v1.csv[error,fallback_used] | B11: 武汉 | C11: wuhan_37 | D11: 1 | E11: HTTP_429 | F11: 429 Client Error: Too Many Requests for url: https://yunwu.ai/v1/chat/completions | G11: gala_api | H11: gemini-2.5-pro | I11: analysis_viz/data/raw/center_data/武汉/GT/standardized_wuhan - 移动信息.xlsx | J11: Sheet1
A12: analysis_viz/data/derived/figdata/v2_subplots/G1_dataset/G1_llm_case_taxonomy_v1.csv[error,fallback_used] | B12: 武汉 | C12: wuhan_39 | D12: 1 | E12: HTTP_429 | F12: 429 Client Error: Too Many Requests for url: https://yunwu.ai/v1/chat/completions | G12: gala_api | H12: gemini-2.5-pro | I12: analysis_viz/data/raw/center_data/武汉/GT/standardized_wuhan - 移动信息.xlsx | J12: Sheet1
A13: analysis_viz/data/derived/figdata/v2_subplots/G1_dataset/G1_llm_case_taxonomy_v1.csv[error,fallback_used] | B13: 武汉 | C13: wuhan_52 | D13: 1 | E13: HTTP_429 | F13: 429 Client Error: Too Many Requests for url: https://yunwu.ai/v1/chat/completions | G13: gala_api | H13: gemini-2.5-pro | I13: analysis_viz/data/raw/center_data/武汉/GT/standardized_wuhan - 移动信息.xlsx | J13: Sheet1

Sheet 明细_palm_阶段_pct_non桑基
A1: source_table | B1: P-息肉 | C1: A-腺肌症 | D1: L-肌瘤 | E1: M-恶性/增生 | F1: C-凝血相关 | G1: O-排卵障碍 | H1: E-子宫内膜原因 | I1: I-医源性 | J1: N-非肿瘤 | K1: 数据缺失 | L1: 不适用
A2: 由 detail_diag_stage_palm 按 stage4×palm_coein 汇总后标准化为百分比 | B2: 28.618421 | C2: 2.6315789 | D2: 11.513158 | E2: 30.921053 | F2: 0.32894737 | G2: 1.6447368 | H2: 0.65789474 | I2: 1.9736842 | J2: 8.5526316 | K2: 0 | L2: 13.157895
A3: 由 detail_diag_stage_palm 按 stage4×palm_coein 汇总后标准化为百分比 | B3: 26.644737 | C3: 3.6184211 | D3: 12.171053 | E3: 28.947368 | F3: 0.32894737 | G3: 1.9736842 | H3: 1.6447368 | I3: 1.6447368 | J3: 10.855263 | K3: 0 | L3: 12.171053
A4: 由 detail_diag_stage_palm 按 stage4×palm_coein 汇总后标准化为百分比 | B4: 30.921053 | C4: 4.2763158 | D4: 10.526316 | E4: 31.25 | F4: 0 | G4: 2.3026316 | H4: 3.9473684 | I4: 1.3157895 | J4: 3.9473684 | K4: 0 | L4: 11.513158

Sheet 明细_text_len
A1: source_table | B1: CaseID | C1: Center | D1: GT_Final_Diagnosis | E1: DiagnosisCategory | F1: TextLen
A2: see_meta | B2: foshan_3 | C2: Foshan | D2: 最终诊断::1.子宫内膜增生不伴不典型增生 2.子宫内膜息肉 | E2: 子宫内膜息肉 | F2: 966
A3: see_meta | B3: foshan_4 | C3: Foshan | D3: 最终诊断::1.不伴不典型增生的子宫内膜增生 2.子宫内膜息肉 | E3: 子宫内膜息肉 | F3: 1132
A4: see_meta | B4: foshan_5 | C4: Foshan | D4: 最终诊断::1.异常子宫出血：子宫内膜增生不伴不典型增生 2、子宫内膜息肉 | E4: 子宫内膜息肉 | F4: 1433
A5: see_meta | B5: foshan_6 | C5: Foshan | D5: 最终诊断::瘢痕妊娠 | E5: 妊娠相关 | F5: 1322
A6: see_meta | B6: foshan_7 | C6: Foshan | D6: 最终诊断::1.剖宫产后子宫瘢痕妊娠IIb型 | E6: 妊娠相关 | F6: 1808
A7: see_meta | B7: foshan_8 | C7: Foshan | D7: 最终诊断::1.子宫瘢痕妊娠IIa型 | E7: 妊娠相关 | F7: 1090
A8: see_meta | B8: foshan_9 | C8: Foshan | D8: 最终诊断::1.疤痕妊娠 | E8: 妊娠相关 | F8: 2001
A9: see_meta | B9: foshan_10 | C9: Foshan | D9: 最终诊断::1.高-中分化子宫内膜样癌IIIA1期（T3N0M0） | E9: 恶性肿瘤 | F9: 3280
A10: see_meta | B10: foshan_11 | C10: Foshan | D10: 最终诊断::低分化子宫内膜样腺癌IIIC1期 | E10: 恶性肿瘤 | F10: 2269
A11: see_meta | B11: foshan_12 | C11: Foshan | D11: 最终诊断::1.宫颈腺样囊性癌IB2期（T1b2N0M0） | E11: 恶性肿瘤 | F11: 2894
A12: see_meta | B12: foshan_13 | C12: Foshan | D12: 最终诊断::1.宫颈低分化腺癌IB3期（T1N0MO） 2.乳腺癌 | E12: 恶性肿瘤 | F12: 3203
A13: see_meta | B13: foshan_14 | C13: Foshan | D13: 最终诊断::宫颈中低分化透明细胞腺癌 IIA1期（T2a1N0M0） | E13: 恶性肿瘤 | F13: 2980
... A305: see_meta | B305: wuhan_104 | C305: Wuhan | D305: 最终诊断:子宫内膜息肉；轻度贫血 | E305: 子宫内膜息肉 | F305: 856

Sheet 明细_icd
A1: source_table | B1: ICD10Code | C1: ICD10Name | D1: Cases
A2: analysis_viz/data/derived/figdata/v2_subplots/G1_dataset/G1_llm_case_taxonomy_v1.csv[final_icd10_code] | B2: N84.0 | C2: 子宫内膜息肉 | D2: 57
A3: analysis_viz/data/derived/figdata/v2_subplots/G1_dataset/G1_llm_case_taxonomy_v1.csv[final_icd10_code] | B3: N84.0 | C3: 子宫体息肉 | D3: 21
A4: analysis_viz/data/derived/figdata/v2_subplots/G1_dataset/G1_llm_case_taxonomy_v1.csv[final_icd10_code] | B4: C54.1 | C4: 子宫内膜恶性肿瘤 | D4: 19
A5: analysis_viz/data/derived/figdata/v2_subplots/G1_dataset/G1_llm_case_taxonomy_v1.csv[final_icd10_code] | B5: C53.9 | C5: 宫颈恶性肿瘤 | D5: 17
A6: analysis_viz/data/derived/figdata/v2_subplots/G1_dataset/G1_llm_case_taxonomy_v1.csv[final_icd10_code] | B6: N80.0 | C6: 子宫腺肌病 | D6: 10
A7: analysis_viz/data/derived/figdata/v2_subplots/G1_dataset/G1_llm_case_taxonomy_v1.csv[final_icd10_code] | B7: C53.9 | C7: 子宫颈恶性肿瘤 | D7: 9
A8: analysis_viz/data/derived/figdata/v2_subplots/G1_dataset/G1_llm_case_taxonomy_v1.csv[final_icd10_code] | B8: D25.0 | C8: 子宫黏膜下平滑肌瘤 | D8: 7
A9: analysis_viz/data/derived/figdata/v2_subplots/G1_dataset/G1_llm_case_taxonomy_v1.csv[final_icd10_code] | B9: D25.0 | C9: 子宫粘膜下平滑肌瘤 | D9: 6
A10: analysis_viz/data/derived/figdata/v2_subplots/G1_dataset/G1_llm_case_taxonomy_v1.csv[final_icd10_code] | B10: O00.1 | C10: 输卵管妊娠 | D10: 6
A11: analysis_viz/data/derived/figdata/v2_subplots/G1_dataset/G1_llm_case_taxonomy_v1.csv[final_icd10_code] | B11: O20.0 | C11: 先兆流产 | D11: 6
A12: analysis_viz/data/derived/figdata/v2_subplots/G1_dataset/G1_llm_case_taxonomy_v1.csv[final_icd10_code] | B12: N71.9 | C12: 子宫内膜炎 | D12: 5
A13: analysis_viz/data/derived/figdata/v2_subplots/G1_dataset/G1_llm_case_taxonomy_v1.csv[final_icd10_code] | B13: N84.1 | C13: 宫颈息肉 | D13: 5
... A97: analysis_viz/data/derived/figdata/v2_subplots/G1_dataset/G1_llm_case_taxonomy_v1.csv[final_icd10_code] | B97: T83.3 | C97: 宫内节育器的机械性并发症 | D97: 1

Sheet 明细_icd_病例
A1: source_table | B1: center | C1: case_id | D1: final_icd10_code | E1: final_icd10_name | F1: source_gt_path | G1: ICD10Chapter | H1: ICD10ChapterName
A2: analysis_viz/data/derived/figdata/v2_subplots/G1_dataset/G1_llm_case_taxonomy_v1.csv[center,case_id,final_icd10_code] | B2: 佛山 | C2: foshan_10 | D2: C54.1 | E2: 子宫内膜恶性肿瘤 | F2: analysis_viz/data/raw/center_data/佛山/GT/standardized_foshan.xlsx | G2: C00-D48 | H2: Neoplasms
A3: analysis_viz/data/derived/figdata/v2_subplots/G1_dataset/G1_llm_case_taxonomy_v1.csv[center,case_id,final_icd10_code] | B3: 佛山 | C3: foshan_100 | D3: D25.9 | E3: 子宫平滑肌瘤,未特指 | F3: analysis_viz/data/raw/center_data/佛山/GT/standardized_foshan.xlsx | G3: C00-D48 | H3: Neoplasms
A4: analysis_viz/data/derived/figdata/v2_subplots/G1_dataset/G1_llm_case_taxonomy_v1.csv[center,case_id,final_icd10_code] | B4: 佛山 | C4: foshan_101 | D4: C54.1 | E4: 子宫内膜恶性肿瘤 | F4: analysis_viz/data/raw/center_data/佛山/GT/standardized_foshan.xlsx | G4: C00-D48 | H4: Neoplasms
A5: analysis_viz/data/derived/figdata/v2_subplots/G1_dataset/G1_llm_case_taxonomy_v1.csv[center,case_id,final_icd10_code] | B5: 佛山 | C5: foshan_102 | D5: N85.1 | E5: 子宫内膜腺体性增生 | F5: analysis_viz/data/raw/center_data/佛山/GT/standardized_foshan.xlsx | G5: N00-N99 | H5: Diseases of the genitourinary system
A6: analysis_viz/data/derived/figdata/v2_subplots/G1_dataset/G1_llm_case_taxonomy_v1.csv[center,case_id,final_icd10_code] | B6: 佛山 | C6: foshan_103 | D6: N85.0 | E6: 子宫内膜腺性增生 | F6: analysis_viz/data/raw/center_data/佛山/GT/standardized_foshan.xlsx | G6: N00-N99 | H6: Diseases of the genitourinary system
A7: analysis_viz/data/derived/figdata/v2_subplots/G1_dataset/G1_llm_case_taxonomy_v1.csv[center,case_id,final_icd10_code] | B7: 佛山 | C7: foshan_104 | D7: C54.1 | E7: 子宫内膜恶性肿瘤 | F7: analysis_viz/data/raw/center_data/佛山/GT/standardized_foshan.xlsx | G7: C00-D48 | H7: Neoplasms
A8: analysis_viz/data/derived/figdata/v2_subplots/G1_dataset/G1_llm_case_taxonomy_v1.csv[center,case_id,final_icd10_code] | B8: 佛山 | C8: foshan_105 | D8: N87.1 | E8: 宫颈中度不典型增生 | F8: analysis_viz/data/raw/center_data/佛山/GT/standardized_foshan.xlsx | G8: N00-N99 | H8: Diseases of the genitourinary system
A9: analysis_viz/data/derived/figdata/v2_subplots/G1_dataset/G1_llm_case_taxonomy_v1.csv[center,case_id,final_icd10_code] | B9: 佛山 | C9: foshan_106 | D9: D25.9 | E9: 子宫平滑肌瘤，未特指 | F9: analysis_viz/data/raw/center_data/佛山/GT/standardized_foshan.xlsx | G9: C00-D48 | H9: Neoplasms
A10: analysis_viz/data/derived/figdata/v2_subplots/G1_dataset/G1_llm_case_taxonomy_v1.csv[center,case_id,final_icd10_code] | B10: 佛山 | C10: foshan_107 | D10: N84.1 | E10: 宫颈息肉 | F10: analysis_viz/data/raw/center_data/佛山/GT/standardized_foshan.xlsx | G10: N00-N99 | H10: Diseases of the genitourinary system
A11: analysis_viz/data/derived/figdata/v2_subplots/G1_dataset/G1_llm_case_taxonomy_v1.csv[center,case_id,final_icd10_code] | B11: 佛山 | C11: foshan_108 | D11: N84.1 | E11: 宫颈息肉 | F11: analysis_viz/data/raw/center_data/佛山/GT/standardized_foshan.xlsx | G11: N00-N99 | H11: Diseases of the genitourinary system
A12: analysis_viz/data/derived/figdata/v2_subplots/G1_dataset/G1_llm_case_taxonomy_v1.csv[center,case_id,final_icd10_code] | B12: 佛山 | C12: foshan_109 | D12: N84.0 | E12: 子宫内膜息肉 | F12: analysis_viz/data/raw/center_data/佛山/GT/standardized_foshan.xlsx | G12: N00-N99 | H12: Diseases of the genitourinary system
... A305: analysis_viz/data/derived/figdata/v2_subplots/G1_dataset/G1_llm_case_taxonomy_v1.csv[center,case_id,final_icd10_code] | B305: 武汉 | C305: wuhan_99 | D305: N84.0 | E305: 子宫体息肉 | F305: analysis_viz/data/raw/center_data/武汉/GT/standardized_wuhan - 移动信息.xlsx | G305: N00-N99 | H305: Diseases of the genitourinary system

Sheet 明细_longtail
A1: source_table | B1: palm_coein | C1: cases | D1: rank
A2: 由 detail_diag_stage_palm 中 D3 最终阶段按 palm_coein 汇总；仅对应当前保留的 PALM-COEIN 长尾子图。 | B2: M-恶性/增生 | C2: 95 | D2: 1
A3: 由 detail_diag_stage_palm 中 D3 最终阶段按 palm_coein 汇总；仅对应当前保留的 PALM-COEIN 长尾子图。 | B3: P-息肉 | C3: 94 | D3: 2
A4: 由 detail_diag_stage_palm 中 D3 最终阶段按 palm_coein 汇总；仅对应当前保留的 PALM-COEIN 长尾子图。 | B4: 不适用 | C4: 35 | D4: 3
A5: 由 detail_diag_stage_palm 中 D3 最终阶段按 palm_coein 汇总；仅对应当前保留的 PALM-COEIN 长尾子图。 | B5: L-肌瘤 | C5: 32 | D5: 4
A6: 由 detail_diag_stage_palm 中 D3 最终阶段按 palm_coein 汇总；仅对应当前保留的 PALM-COEIN 长尾子图。 | B6: A-腺肌症 | C6: 13 | D6: 5
A7: 由 detail_diag_stage_palm 中 D3 最终阶段按 palm_coein 汇总；仅对应当前保留的 PALM-COEIN 长尾子图。 | B7: E-子宫内膜原因 | C7: 12 | D7: 6
A8: 由 detail_diag_stage_palm 中 D3 最终阶段按 palm_coein 汇总；仅对应当前保留的 PALM-COEIN 长尾子图。 | B8: N-非肿瘤 | C8: 12 | D8: 7
A9: 由 detail_diag_stage_palm 中 D3 最终阶段按 palm_coein 汇总；仅对应当前保留的 PALM-COEIN 长尾子图。 | B9: O-排卵障碍 | C9: 7 | D9: 8
A10: 由 detail_diag_stage_palm 中 D3 最终阶段按 palm_coein 汇总；仅对应当前保留的 PALM-COEIN 长尾子图。 | B10: I-医源性 | C10: 4 | D10: 9

Sheet 明细_检查_type
A1: source_table | B1: Stage | C1: Category | D1: Cases
A2: see_meta | B2: Outpatient | C2: 实验室检查 | D2: 190
A3: see_meta | B3: Outpatient | C3: 影像学检查 | D3: 250
A4: see_meta | B4: Outpatient | C4: 内镜检查 | D4: 14
A5: see_meta | B5: Outpatient | C5: 病理学检查 | D5: 21
A6: see_meta | B6: Outpatient | C6: 其他检查 | D6: 10
A7: see_meta | B7: Admission | C7: 实验室检查 | D7: 283
A8: see_meta | B8: Admission | C8: 影像学检查 | D8: 144
A9: see_meta | B9: Admission | C9: 内镜检查 | D9: 211
A10: see_meta | B10: Admission | C10: 病理学检查 | D10: 75
A11: see_meta | B11: Admission | C11: 其他检查 | D11: 80

Sheet 明细_检查_type_病例_level
A1: source_table | B1: center | C1: case_id | D1: Stage | E1: Category | F1: segment_text | G1: is_counted | H1: source_sheet | I1: source_column | J1: source_path | K1: count_rule
A2: analysis_viz/data/raw/center_data/*/GT/*.xlsx:Sheet1[GT_Outpatient_Checks,GT_Admission_Checks] | B2: 佛山 | C2: foshan_3 | D2: Outpatient | E2: 实验室检查 | G2: 0 | H2: standardized_foshan.xlsx:Sheet1 | I2: GT_Outpatient_Checks | J2: analysis_viz/data/raw/center_data/佛山/GT/standardized_foshan.xlsx | K2: 按文本关键词命中类型；若片段非无且未命中则归其他检查
A3: analysis_viz/data/raw/center_data/*/GT/*.xlsx:Sheet1[GT_Outpatient_Checks,GT_Admission_Checks] | B3: 佛山 | C3: foshan_3 | D3: Outpatient | E3: 影像学检查 | F3: 检查 | G3: 1 | H3: standardized_foshan.xlsx:Sheet1 | I3: GT_Outpatient_Checks | J3: analysis_viz/data/raw/center_data/佛山/GT/standardized_foshan.xlsx | K3: 按文本关键词命中类型；若片段非无且未命中则归其他检查
A4: analysis_viz/data/raw/center_data/*/GT/*.xlsx:Sheet1[GT_Outpatient_Checks,GT_Admission_Checks] | B4: 佛山 | C4: foshan_3 | D4: Outpatient | E4: 内镜检查 | G4: 0 | H4: standardized_foshan.xlsx:Sheet1 | I4: GT_Outpatient_Checks | J4: analysis_viz/data/raw/center_data/佛山/GT/standardized_foshan.xlsx | K4: 按文本关键词命中类型；若片段非无且未命中则归其他检查
A5: analysis_viz/data/raw/center_data/*/GT/*.xlsx:Sheet1[GT_Outpatient_Checks,GT_Admission_Checks] | B5: 佛山 | C5: foshan_3 | D5: Outpatient | E5: 病理学检查 | G5: 0 | H5: standardized_foshan.xlsx:Sheet1 | I5: GT_Outpatient_Checks | J5: analysis_viz/data/raw/center_data/佛山/GT/standardized_foshan.xlsx | K5: 按文本关键词命中类型；若片段非无且未命中则归其他检查
A6: analysis_viz/data/raw/center_data/*/GT/*.xlsx:Sheet1[GT_Outpatient_Checks,GT_Admission_Checks] | B6: 佛山 | C6: foshan_3 | D6: Outpatient | E6: 其他检查 | G6: 0 | H6: standardized_foshan.xlsx:Sheet1 | I6: GT_Outpatient_Checks | J6: analysis_viz/data/raw/center_data/佛山/GT/standardized_foshan.xlsx | K6: 按文本关键词命中类型；若片段非无且未命中则归其他检查
A7: analysis_viz/data/raw/center_data/*/GT/*.xlsx:Sheet1[GT_Outpatient_Checks,GT_Admission_Checks] | B7: 佛山 | C7: foshan_3 | D7: Admission | E7: 实验室检查 | F7: 血常规、凝血四项、肝肾功能、免疫三项、乙肝五项、电解质、HPV、TCT等未见异常。 ; | G7: 1 | H7: standardized_foshan.xlsx:Sheet1 | I7: GT_Admission_Checks | J7: analysis_viz/data/raw/center_data/佛山/GT/standardized_foshan.xlsx | K7: segment_exists && segment_not_none
A8: analysis_viz/data/raw/center_data/*/GT/*.xlsx:Sheet1[GT_Outpatient_Checks,GT_Admission_Checks] | B8: 佛山 | C8: foshan_3 | D8: Admission | E8: 影像学检查 | F8: 无 ; | G8: 0 | H8: standardized_foshan.xlsx:Sheet1 | I8: GT_Admission_Checks | J8: analysis_viz/data/raw/center_data/佛山/GT/standardized_foshan.xlsx | K8: segment_exists && segment_not_none
A9: analysis_viz/data/raw/center_data/*/GT/*.xlsx:Sheet1[GT_Outpatient_Checks,GT_Admission_Checks] | B9: 佛山 | C9: foshan_3 | D9: Admission | E9: 内镜检查 | F9: 无 ; | G9: 0 | H9: standardized_foshan.xlsx:Sheet1 | I9: GT_Admission_Checks | J9: analysis_viz/data/raw/center_data/佛山/GT/standardized_foshan.xlsx | K9: segment_exists && segment_not_none
A10: analysis_viz/data/raw/center_data/*/GT/*.xlsx:Sheet1[GT_Outpatient_Checks,GT_Admission_Checks] | B10: 佛山 | C10: foshan_3 | D10: Admission | E10: 病理学检查 | F10: 无 ; | G10: 0 | H10: standardized_foshan.xlsx:Sheet1 | I10: GT_Admission_Checks | J10: analysis_viz/data/raw/center_data/佛山/GT/standardized_foshan.xlsx | K10: segment_exists && segment_not_none
A11: analysis_viz/data/raw/center_data/*/GT/*.xlsx:Sheet1[GT_Outpatient_Checks,GT_Admission_Checks] | B11: 佛山 | C11: foshan_3 | D11: Admission | E11: 其他检查 | F11: 心电图未见明显异常。 | G11: 1 | H11: standardized_foshan.xlsx:Sheet1 | I11: GT_Admission_Checks | J11: analysis_viz/data/raw/center_data/佛山/GT/standardized_foshan.xlsx | K11: segment_exists && segment_not_none
A12: analysis_viz/data/raw/center_data/*/GT/*.xlsx:Sheet1[GT_Outpatient_Checks,GT_Admission_Checks] | B12: 佛山 | C12: foshan_4 | D12: Outpatient | E12: 实验室检查 | G12: 0 | H12: standardized_foshan.xlsx:Sheet1 | I12: GT_Outpatient_Checks | J12: analysis_viz/data/raw/center_data/佛山/GT/standardized_foshan.xlsx | K12: 按文本关键词命中类型；若片段非无且未命中则归其他检查
A13: analysis_viz/data/raw/center_data/*/GT/*.xlsx:Sheet1[GT_Outpatient_Checks,GT_Admission_Checks] | B13: 佛山 | C13: foshan_4 | D13: Outpatient | E13: 影像学检查 | G13: 0 | H13: standardized_foshan.xlsx:Sheet1 | I13: GT_Outpatient_Checks | J13: analysis_viz/data/raw/center_data/佛山/GT/standardized_foshan.xlsx | K13: 按文本关键词命中类型；若片段非无且未命中则归其他检查
A14: analysis_viz/data/raw/center_data/*/GT/*.xlsx:Sheet1[GT_Outpatient_Checks,GT_Admission_Checks] | B14: 佛山 | C14: foshan_4 | D14: Outpatient | E14: 内镜检查 | G14: 0 | H14: standardized_foshan.xlsx:Sheet1 | I14: GT_Outpatient_Checks | J14: analysis_viz/data/raw/center_data/佛山/GT/standardized_foshan.xlsx | K14: 按文本关键词命中类型；若片段非无且未命中则归其他检查
A15: analysis_viz/data/raw/center_data/*/GT/*.xlsx:Sheet1[GT_Outpatient_Checks,GT_Admission_Checks] | B15: 佛山 | C15: foshan_4 | D15: Outpatient | E15: 病理学检查 | G15: 0 | H15: standardized_foshan.xlsx:Sheet1 | I15: GT_Outpatient_Checks | J15: analysis_viz/data/raw/center_data/佛山/GT/standardized_foshan.xlsx | K15: 按文本关键词命中类型；若片段非无且未命中则归其他检查
A16: analysis_viz/data/raw/center_data/*/GT/*.xlsx:Sheet1[GT_Outpatient_Checks,GT_Admission_Checks] | B16: 佛山 | C16: foshan_4 | D16: Outpatient | E16: 其他检查 | G16: 0 | H16: standardized_foshan.xlsx:Sheet1 | I16: GT_Outpatient_Checks | J16: analysis_viz/data/raw/center_data/佛山/GT/standardized_foshan.xlsx | K16: 按文本关键词命中类型；若片段非无且未命中则归其他检查
A17: analysis_viz/data/raw/center_data/*/GT/*.xlsx:Sheet1[GT_Outpatient_Checks,GT_Admission_Checks] | B17: 佛山 | C17: foshan_4 | D17: Admission | E17: 实验室检查 | F17: 血型：A型，RHD阳性。HCG（-）。白带常规、血常规、凝血四项、D-二聚体、乙肝表面抗原定量、免疫三项、CEA、CA_125、HE4、绝经前ROMA值、绝经后ROMA值、CA_199、SCC、生理激素六项、肝肾功、电解质未见明显异常。HPV、TCT阴性。 ; | G17: 1 | H17: standardized_foshan.xlsx:Sheet1 | I17: GT_Admission_Checks | J17: analysis_viz/data/raw/center_data/佛山/GT/standardized_foshan.xlsx | K17: segment_exists && segment_not_none
A18: analysis_viz/data/raw/center_data/*/GT/*.xlsx:Sheet1[GT_Outpatient_Checks,GT_Admission_Checks] | B18: 佛山 | C18: foshan_4 | D18: Admission | E18: 影像学检查 | F18: DR胸部正侧位片：心、肺、膈未见明确异常。彩超：肝、胆、脾、胰、双肾、膀胱未见明显异常。 ; | G18: 1 | H18: standardized_foshan.xlsx:Sheet1 | I18: GT_Admission_Checks | J18: analysis_viz/data/raw/center_data/佛山/GT/standardized_foshan.xlsx | K18: segment_exists && segment_not_none
A19: analysis_viz/data/raw/center_data/*/GT/*.xlsx:Sheet1[GT_Outpatient_Checks,GT_Admission_Checks] | B19: 佛山 | C19: foshan_4 | D19: Admission | E19: 内镜检查 | F19: 无 ; | G19: 0 | H19: standardized_foshan.xlsx:Sheet1 | I19: GT_Admission_Checks | J19: analysis_viz/data/raw/center_data/佛山/GT/standardized_foshan.xlsx | K19: segment_exists && segment_not_none
A20: analysis_viz/data/raw/center_data/*/GT/*.xlsx:Sheet1[GT_Outpatient_Checks,GT_Admission_Checks] | B20: 佛山 | C20: foshan_4 | D20: Admission | E20: 病理学检查 | F20: 无 ; | G20: 0 | H20: standardized_foshan.xlsx:Sheet1 | I20: GT_Admission_Checks | J20: analysis_viz/data/raw/center_data/佛山/GT/standardized_foshan.xlsx | K20: segment_exists && segment_not_none
A21: analysis_viz/data/raw/center_data/*/GT/*.xlsx:Sheet1[GT_Outpatient_Checks,GT_Admission_Checks] | B21: 佛山 | C21: foshan_4 | D21: Admission | E21: 其他检查 | F21: 心电图未见明显异常。 | G21: 1 | H21: standardized_foshan.xlsx:Sheet1 | I21: GT_Admission_Checks | J21: analysis_viz/data/raw/center_data/佛山/GT/standardized_foshan.xlsx | K21: segment_exists && segment_not_none
A22: analysis_viz/data/raw/center_data/*/GT/*.xlsx:Sheet1[GT_Outpatient_Checks,GT_Admission_Checks] | B22: 佛山 | C22: foshan_5 | D22: Outpatient | E22: 实验室检查 | F22: 检验 | G22: 1 | H22: standardized_foshan.xlsx:Sheet1 | I22: GT_Outpatient_Checks | J22: analysis_viz/data/raw/center_data/佛山/GT/standardized_foshan.xlsx | K22: 按文本关键词命中类型；若片段非无且未命中则归其他检查
A23: analysis_viz/data/raw/center_data/*/GT/*.xlsx:Sheet1[GT_Outpatient_Checks,GT_Admission_Checks] | B23: 佛山 | C23: foshan_5 | D23: Outpatient | E23: 影像学检查 | F23: 检查、检验 | G23: 1 | H23: standardized_foshan.xlsx:Sheet1 | I23: GT_Outpatient_Checks | J23: analysis_viz/data/raw/center_data/佛山/GT/standardized_foshan.xlsx | K23: 按文本关键词命中类型；若片段非无且未命中则归其他检查
A24: analysis_viz/data/raw/center_data/*/GT/*.xlsx:Sheet1[GT_Outpatient_Checks,GT_Admission_Checks] | B24: 佛山 | C24: foshan_5 | D24: Outpatient | E24: 内镜检查 | G24: 0 | H24: standardized_foshan.xlsx:Sheet1 | I24: GT_Outpatient_Checks | J24: analysis_viz/data/raw/center_data/佛山/GT/standardized_foshan.xlsx | K24: 按文本关键词命中类型；若片段非无且未命中则归其他检查
A25: analysis_viz/data/raw/center_data/*/GT/*.xlsx:Sheet1[GT_Outpatient_Checks,GT_Admission_Checks] | B25: 佛山 | C25: foshan_5 | D25: Outpatient | E25: 病理学检查 | G25: 0 | H25: standardized_foshan.xlsx:Sheet1 | I25: GT_Outpatient_Checks | J25: analysis_viz/data/raw/center_data/佛山/GT/standardized_foshan.xlsx | K25: 按文本关键词命中类型；若片段非无且未命中则归其他检查
A26: analysis_viz/data/raw/center_data/*/GT/*.xlsx:Sheet1[GT_Outpatient_Checks,GT_Admission_Checks] | B26: 佛山 | C26: foshan_5 | D26: Outpatient | E26: 其他检查 | G26: 0 | H26: standardized_foshan.xlsx:Sheet1 | I26: GT_Outpatient_Checks | J26: analysis_viz/data/raw/center_data/佛山/GT/standardized_foshan.xlsx | K26: 按文本关键词命中类型；若片段非无且未命中则归其他检查
A27: analysis_viz/data/raw/center_data/*/GT/*.xlsx:Sheet1[GT_Outpatient_Checks,GT_Admission_Checks] | B27: 佛山 | C27: foshan_5 | D27: Admission | E27: 实验室检查 | F27: 血型：O型RHD阳性。HCG（-）。绝经前ROMA值70.7128％，绝经后ROMA值44.5737％。尿检测全套：尿蛋白+-，尿亚硝酸盐2+，尿潜血3+，尿白细胞酯酶+-，尿沉渣红细胞79.0/ul。血常规、凝血四项、D-二聚体、CA_125、HE4、CA_199、乙肝表面抗原定量、免疫三项、肝肾功、大便常规未见明显异常。 ; | G27: 1 | H27: standardized_foshan.xlsx:Sheet1 | I27: GT_Admission_Checks | J27: analysis_viz/data/raw/center_data/佛山/GT/standardized_foshan.xlsx | K27: segment_exists && segment_not_none
A28: analysis_viz/data/raw/center_data/*/GT/*.xlsx:Sheet1[GT_Outpatient_Checks,GT_Admission_Checks] | B28: 佛山 | C28: foshan_5 | D28: Admission | E28: 影像学检查 | F28: DR胸部正侧位片：心、肺、膈未见明确异常。彩超子宫附件(经腹经阴道）(2023-05-23)：1、左附件区液性包块（3.0cm×2.5cm×3.0）； 2、符合宫颈纳氏囊肿声像；3、盆腔积液（2.0cm）；4、右附件未见明显异常；5、子宫腔内节育器位置未见异常。 ; | G28: 1 | H28: standardized_foshan.xlsx:Sheet1 | I28: GT_Admission_Checks | J28: analysis_viz/data/raw/center_data/佛山/GT/standardized_foshan.xlsx | K28: segment_exists && segment_not_none
A29: analysis_viz/data/raw/center_data/*/GT/*.xlsx:Sheet1[GT_Outpatient_Checks,GT_Admission_Checks] | B29: 佛山 | C29: foshan_5 | D29: Admission | E29: 内镜检查 | F29: 无 ; | G29: 0 | H29: standardized_foshan.xlsx:Sheet1 | I29: GT_Admission_Checks | J29: analysis_viz/data/raw/center_data/佛山/GT/standardized_foshan.xlsx | K29: segment_exists && segment_not_none
A30: analysis_viz/data/raw/center_data/*/GT/*.xlsx:Sheet1[GT_Outpatient_Checks,GT_Admission_Checks] | B30: 佛山 | C30: foshan_5 | D30: Admission | E30: 病理学检查 | F30: 无 ; | G30: 0 | H30: standardized_foshan.xlsx:Sheet1 | I30: GT_Admission_Checks | J30: analysis_viz/data/raw/center_data/佛山/GT/standardized_foshan.xlsx | K30: segment_exists && segment_not_none
A31: analysis_viz/data/raw/center_data/*/GT/*.xlsx:Sheet1[GT_Outpatient_Checks,GT_Admission_Checks] | B31: 佛山 | C31: foshan_5 | D31: Admission | E31: 其他检查 | F31: 科内床旁心电图(2023-05-23)：心脏沿其长轴逆钟向转位；Tv2＞Tv6图形改变。 | G31: 1 | H31: standardized_foshan.xlsx:Sheet1 | I31: GT_Admission_Checks | J31: analysis_viz/data/raw/center_data/佛山/GT/standardized_foshan.xlsx | K31: segment_exists && segment_not_none
A32: analysis_viz/data/raw/center_data/*/GT/*.xlsx:Sheet1[GT_Outpatient_Checks,GT_Admission_Checks] | B32: 佛山 | C32: foshan_6 | D32: Outpatient | E32: 实验室检查 | F32: 检验 | G32: 1 | H32: standardized_foshan.xlsx:Sheet1 | I32: GT_Outpatient_Checks | J32: analysis_viz/data/raw/center_data/佛山/GT/standardized_foshan.xlsx | K32: 按文本关键词命中类型；若片段非无且未命中则归其他检查
A33: analysis_viz/data/raw/center_data/*/GT/*.xlsx:Sheet1[GT_Outpatient_Checks,GT_Admission_Checks] | B33: 佛山 | C33: foshan_6 | D33: Outpatient | E33: 影像学检查 | F33: 检查 | G33: 1 | H33: standardized_foshan.xlsx:Sheet1 | I33: GT_Outpatient_Checks | J33: analysis_viz/data/raw/center_data/佛山/GT/standardized_foshan.xlsx | K33: 按文本关键词命中类型；若片段非无且未命中则归其他检查
A34: analysis_viz/data/raw/center_data/*/GT/*.xlsx:Sheet1[GT_Outpatient_Checks,GT_Admission_Checks] | B34: 佛山 | C34: foshan_6 | D34: Outpatient | E34: 内镜检查 | G34: 0 | H34: standardized_foshan.xlsx:Sheet1 | I34: GT_Outpatient_Checks | J34: analysis_viz/data/raw/center_data/佛山/GT/standardized_foshan.xlsx | K34: 按文本关键词命中类型；若片段非无且未命中则归其他检查
A35: analysis_viz/data/raw/center_data/*/GT/*.xlsx:Sheet1[GT_Outpatient_Checks,GT_Admission_Checks] | B35: 佛山 | C35: foshan_6 | D35: Outpatient | E35: 病理学检查 | G35: 0 | H35: standardized_foshan.xlsx:Sheet1 | I35: GT_Outpatient_Checks | J35: analysis_viz/data/raw/center_data/佛山/GT/standardized_foshan.xlsx | K35: 按文本关键词命中类型；若片段非无且未命中则归其他检查
A36: analysis_viz/data/raw/center_data/*/GT/*.xlsx:Sheet1[GT_Outpatient_Checks,GT_Admission_Checks] | B36: 佛山 | C36: foshan_6 | D36: Outpatient | E36: 其他检查 | G36: 0 | H36: standardized_foshan.xlsx:Sheet1 | I36: GT_Outpatient_Checks | J36: analysis_viz/data/raw/center_data/佛山/GT/standardized_foshan.xlsx | K36: 按文本关键词命中类型；若片段非无且未命中则归其他检查
A37: analysis_viz/data/raw/center_data/*/GT/*.xlsx:Sheet1[GT_Outpatient_Checks,GT_Admission_Checks] | B37: 佛山 | C37: foshan_6 | D37: Admission | E37: 实验室检查 | F37: 血常规(2025-04-10)：单核细胞绝对值0.63*10^9/L，中性粒细胞总数6.39*10^9/L，中性粒与淋巴细胞比值3.54。血型鉴定(2025-04-10)：ABO血型O型， RH(D)血型阳性。肝功1(2025-04-10)：谷氨酰转肽酶56U/L，总蛋白67.7g/L。 乙肝五项(CLIA)(2025-04-10)：乙肝表面抗体定量625.32mIU/mL，乙肝e抗体半定量1.98PEIU/mL，乙肝核心抗体半定量>45.00PEIU/mL。尿液分析、凝血四项、免疫三项、肾功、电解质六项未见异常。 ; | G37: 1 | H37: standardized_foshan.xlsx:Sheet1 | I37: GT_Admission_Checks | J37: analysis_viz/data/raw/center_data/佛山/GT/standardized_foshan.xlsx | K37: segment_exists && segment_not_none
A38: analysis_viz/data/raw/center_data/*/GT/*.xlsx:Sheet1[GT_Outpatient_Checks,GT_Admission_Checks] | B38: 佛山 | C38: foshan_6 | D38: Admission | E38: 影像学检查 | F38: 彩超子宫附件(经腹经阴道）(2025-04-10)：1、符合宫内孕6周+，活胎，宫腔内见一孕囊样回声，大小为4.3x1.1x3.6cm，形态不规则，呈长条状充满宫腔，内可见卵黄囊及胚芽0.4cm； 2、宫腔粘连；3、子宫内膜强回声斑：考虑钙化灶；4、盆腔积液；5、双附件未见明显异常。 ; | G38: 1 | H38: standardized_foshan.xlsx:Sheet1 | I38: GT_Admission_Checks | J38: analysis_viz/data/raw/center_data/佛山/GT/standardized_foshan.xlsx | K38: segment_exists && segment_not_none
A39: analysis_viz/data/raw/center_data/*/GT/*.xlsx:Sheet1[GT_Outpatient_Checks,GT_Admission_Checks] | B39: 佛山 | C39: foshan_6 | D39: Admission | E39: 内镜检查 | F39: 无 ; | G39: 0 | H39: standardized_foshan.xlsx:Sheet1 | I39: GT_Admission_Checks | J39: analysis_viz/data/raw/center_data/佛山/GT/standardized_foshan.xlsx | K39: segment_exists && segment_not_none
A40: analysis_viz/data/raw/center_data/*/GT/*.xlsx:Sheet1[GT_Outpatient_Checks,GT_Admission_Checks] | B40: 佛山 | C40: foshan_6 | D40: Admission | E40: 病理学检查 | F40: 无 ; | G40: 0 | H40: standardized_foshan.xlsx:Sheet1 | I40: GT_Admission_Checks | J40: analysis_viz/data/raw/center_data/佛山/GT/standardized_foshan.xlsx | K40: segment_exists && segment_not_none
A41: analysis_viz/data/raw/center_data/*/GT/*.xlsx:Sheet1[GT_Outpatient_Checks,GT_Admission_Checks] | B41: 佛山 | C41: foshan_6 | D41: Admission | E41: 其他检查 | F41: 科内床旁心电图(2025-04-10)：窦性心律不齐。 | G41: 1 | H41: standardized_foshan.xlsx:Sheet1 | I41: GT_Admission_Checks | J41: analysis_viz/data/raw/center_data/佛山/GT/standardized_foshan.xlsx | K41: segment_exists && segment_not_none
A42: analysis_viz/data/raw/center_data/*/GT/*.xlsx:Sheet1[GT_Outpatient_Checks,GT_Admission_Checks] | B42: 佛山 | C42: foshan_7 | D42: Outpatient | E42: 实验室检查 | F42: 检验 | G42: 1 | H42: standardized_foshan.xlsx:Sheet1 | I42: GT_Outpatient_Checks | J42: analysis_viz/data/raw/center_data/佛山/GT/standardized_foshan.xlsx | K42: 按文本关键词命中类型；若片段非无且未命中则归其他检查
A43: analysis_viz/data/raw/center_data/*/GT/*.xlsx:Sheet1[GT_Outpatient_Checks,GT_Admission_Checks] | B43: 佛山 | C43: foshan_7 | D43: Outpatient | E43: 影像学检查 | G43: 0 | H43: standardized_foshan.xlsx:Sheet1 | I43: GT_Outpatient_Checks | J43: analysis_viz/data/raw/center_data/佛山/GT/standardized_foshan.xlsx | K43: 按文本关键词命中类型；若片段非无且未命中则归其他检查
A44: analysis_viz/data/raw/center_data/*/GT/*.xlsx:Sheet1[GT_Outpatient_Checks,GT_Admission_Checks] | B44: 佛山 | C44: foshan_7 | D44: Outpatient | E44: 内镜检查 | G44: 0 | H44: standardized_foshan.xlsx:Sheet1 | I44: GT_Outpatient_Checks | J44: analysis_viz/data/raw/center_data/佛山/GT/standardized_foshan.xlsx | K44: 按文本关键词命中类型；若片段非无且未命中则归其他检查
A45: analysis_viz/data/raw/center_data/*/GT/*.xlsx:Sheet1[GT_Outpatient_Checks,GT_Admission_Checks] | B45: 佛山 | C45: foshan_7 | D45: Outpatient | E45: 病理学检查 | G45: 0 | H45: standardized_foshan.xlsx:Sheet1 | I45: GT_Outpatient_Checks | J45: analysis_viz/data/raw/center_data/佛山/GT/standardized_foshan.xlsx | K45: 按文本关键词命中类型；若片段非无且未命中则归其他检查
A46: analysis_viz/data/raw/center_data/*/GT/*.xlsx:Sheet1[GT_Outpatient_Checks,GT_Admission_Checks] | B46: 佛山 | C46: foshan_7 | D46: Outpatient | E46: 其他检查 | G46: 0 | H46: standardized_foshan.xlsx:Sheet1 | I46: GT_Outpatient_Checks | J46: analysis_viz/data/raw/center_data/佛山/GT/standardized_foshan.xlsx | K46: 按文本关键词命中类型；若片段非无且未命中则归其他检查
A47: analysis_viz/data/raw/center_data/*/GT/*.xlsx:Sheet1[GT_Outpatient_Checks,GT_Admission_Checks] | B47: 佛山 | C47: foshan_7 | D47: Admission | E47: 实验室检查 | F47: 血常规(五分类)(2025-03-17)：白细胞总数10.66*10^9/L，中性粒细胞总数7.75*10^9/L，中性粒与淋巴细胞比值3.41，血红蛋白101g/L，红细胞压积0.316，平均红细胞体积78.6fL，平均血红蛋白量25.1pg，红细胞分布宽度SD50.0fL，红细胞分布宽度CV17.8％，血小板458*10^9/L，血小板比积0.38％，血小板分布宽度7.7fL，大血小板比率0.105。凝血四项(2025-03-17)：国际标准化比率0.83，纤维蛋白原4.16g/L，活化部分凝血活酶时间19.9S。 β-HCG定量(急诊)(2025-03-17)：总β人绒毛膜促性腺激素117216.06IU/L。免疫三项(急诊),HBsAg定量(急诊)(2025-03-17) 、血型鉴定(输血或备血用)(2025-03-17) ：未见异常。 ; | G47: 1 | H47: standardized_foshan.xlsx:Sheet1 | I47: GT_Admission_Checks | J47: analysis_viz/data/raw/center_data/佛山/GT/standardized_foshan.xlsx | K47: segment_exists && segment_not_none
A48: analysis_viz/data/raw/center_data/*/GT/*.xlsx:Sheet1[GT_Outpatient_Checks,GT_Admission_Checks] | B48: 佛山 | C48: foshan_7 | D48: Admission | E48: 影像学检查 | F48: DR胸部正侧位片(2025-03-17)：1.右膈面波浪状改变，请结合临床；2.心、肺未见明确异常。彩超子宫附件(经腹经阴道）(2025-03-17)：1、子宫下段孕囊声像——考虑子宫疤痕妊娠（孕10周，活胎）； 2、子宫肌层回声增粗。 ; | G48: 1 | H48: standardized_foshan.xlsx:Sheet1 | I48: GT_Admission_Checks | J48: analysis_viz/data/raw/center_data/佛山/GT/standardized_foshan.xlsx | K48: segment_exists && segment_not_none
A49: analysis_viz/data/raw/center_data/*/GT/*.xlsx:Sheet1[GT_Outpatient_Checks,GT_Admission_Checks] | B49: 佛山 | C49: foshan_7 | D49: Admission | E49: 内镜检查 | F49: 无 ; | G49: 0 | H49: standardized_foshan.xlsx:Sheet1 | I49: GT_Admission_Checks | J49: analysis_viz/data/raw/center_data/佛山/GT/standardized_foshan.xlsx | K49: segment_exists && segment_not_none
A50: analysis_viz/data/raw/center_data/*/GT/*.xlsx:Sheet1[GT_Outpatient_Checks,GT_Admission_Checks] | B50: 佛山 | C50: foshan_7 | D50: Admission | E50: 病理学检查 | F50: 无 ; | G50: 0 | H50: standardized_foshan.xlsx:Sheet1 | I50: GT_Admission_Checks | J50: analysis_viz/data/raw/center_data/佛山/GT/standardized_foshan.xlsx | K50: segment_exists && segment_not_none
A51: analysis_viz/data/raw/center_data/*/GT/*.xlsx:Sheet1[GT_Outpatient_Checks,GT_Admission_Checks] | B51: 佛山 | C51: foshan_7 | D51: Admission | E51: 其他检查 | F51: 科内床旁心电图(2025-03-17)：窦性心律；心脏沿其长轴逆钟向转位。 | G51: 1 | H51: standardized_foshan.xlsx:Sheet1 | I51: GT_Admission_Checks | J51: analysis_viz/data/raw/center_data/佛山/GT/standardized_foshan.xlsx | K51: segment_exists && segment_not_none
A52: analysis_viz/data/raw/center_data/*/GT/*.xlsx:Sheet1[GT_Outpatient_Checks,GT_Admission_Checks] | B52: 佛山 | C52: foshan_8 | D52: Outpatient | E52: 实验室检查 | F52: 检验 | G52: 1 | H52: standardized_foshan.xlsx:Sheet1 | I52: GT_Outpatient_Checks | J52: analysis_viz/data/raw/center_data/佛山/GT/standardized_foshan.xlsx | K52: 按文本关键词命中类型；若片段非无且未命中则归其他检查
A53: analysis_viz/data/raw/center_data/*/GT/*.xlsx:Sheet1[GT_Outpatient_Checks,GT_Admission_Checks] | B53: 佛山 | C53: foshan_8 | D53: Outpatient | E53: 影像学检查 | F53: 检查 | G53: 1 | H53: standardized_foshan.xlsx:Sheet1 | I53: GT_Outpatient_Checks | J53: analysis_viz/data/raw/center_data/佛山/GT/standardized_foshan.xlsx | K53: 按文本关键词命中类型；若片段非无且未命中则归其他检查
A54: analysis_viz/data/raw/center_data/*/GT/*.xlsx:Sheet1[GT_Outpatient_Checks,GT_Admission_Checks] | B54: 佛山 | C54: foshan_8 | D54: Outpatient | E54: 内镜检查 | G54: 0 | H54: standardized_foshan.xlsx:Sheet1 | I54: GT_Outpatient_Checks | J54: analysis_viz/data/raw/center_data/佛山/GT/standardized_foshan.xlsx | K54: 按文本关键词命中类型；若片段非无且未命中则归其他检查
A55: analysis_viz/data/raw/center_data/*/GT/*.xlsx:Sheet1[GT_Outpatient_Checks,GT_Admission_Checks] | B55: 佛山 | C55: foshan_8 | D55: Outpatient | E55: 病理学检查 | G55: 0 | H55: standardized_foshan.xlsx:Sheet1 | I55: GT_Outpatient_Checks | J55: analysis_viz/data/raw/center_data/佛山/GT/standardized_foshan.xlsx | K55: 按文本关键词命中类型；若片段非无且未命中则归其他检查
A56: analysis_viz/data/raw/center_data/*/GT/*.xlsx:Sheet1[GT_Outpatient_Checks,GT_Admission_Checks] | B56: 佛山 | C56: foshan_8 | D56: Outpatient | E56: 其他检查 | G56: 0 | H56: standardized_foshan.xlsx:Sheet1 | I56: GT_Outpatient_Checks | J56: analysis_viz/data/raw/center_data/佛山/GT/standardized_foshan.xlsx | K56: 按文本关键词命中类型；若片段非无且未命中则归其他检查
A57: analysis_viz/data/raw/center_data/*/GT/*.xlsx:Sheet1[GT_Outpatient_Checks,GT_Admission_Checks] | B57: 佛山 | C57: foshan_8 | D57: Admission | E57: 实验室检查 | F57: 血型B型， RH(D)血型阳性。 血常规、肝肾功能、电解质、凝血功能、甲状腺功能、尿常规、大便常规均未见明显异常。乙肝表面抗原及免疫三项均阴性。 ; | G57: 1 | H57: standardized_foshan.xlsx:Sheet1 | I57: GT_Admission_Checks | J57: analysis_viz/data/raw/center_data/佛山/GT/standardized_foshan.xlsx | K57: segment_exists && segment_not_none
A58: analysis_viz/data/raw/center_data/*/GT/*.xlsx:Sheet1[GT_Outpatient_Checks,GT_Admission_Checks] | B58: 佛山 | C58: foshan_8 | D58: Admission | E58: 影像学检查 | F58: 2024-10-21我院彩超：1、子宫下段孕囊声像——考虑子宫瘢痕妊娠； 2、盆腔积液； 3、双附件未见明显异常； 胸片： 心、肺、膈未见明确异常。 ; | G58: 1 | H58: standardized_foshan.xlsx:Sheet1 | I58: GT_Admission_Checks | J58: analysis_viz/data/raw/center_data/佛山/GT/standardized_foshan.xlsx | K58: segment_exists && segment_not_none
A59: analysis_viz/data/raw/center_data/*/GT/*.xlsx:Sheet1[GT_Outpatient_Checks,GT_Admission_Checks] | B59: 佛山 | C59: foshan_8 | D59: Admission | E59: 内镜检查 | F59: 无 ; | G59: 0 | H59: standardized_foshan.xlsx:Sheet1 | I59: GT_Admission_Checks | J59: analysis_viz/data/raw/center_data/佛山/GT/standardized_foshan.xlsx | K59: segment_exists && segment_not_none
A60: analysis_viz/data/raw/center_data/*/GT/*.xlsx:Sheet1[GT_Outpatient_Checks,GT_Admission_Checks] | B60: 佛山 | C60: foshan_8 | D60: Admission | E60: 病理学检查 | F60: 无 ; | G60: 0 | H60: standardized_foshan.xlsx:Sheet1 | I60: GT_Admission_Checks | J60: analysis_viz/data/raw/center_data/佛山/GT/standardized_foshan.xlsx | K60: segment_exists && segment_not_none
A61: analysis_viz/data/raw/center_data/*/GT/*.xlsx:Sheet1[GT_Outpatient_Checks,GT_Admission_Checks] | B61: 佛山 | C61: foshan_8 | D61: Admission | E61: 其他检查 | F61: 心电图：窦性心律不齐；心脏沿其长轴逆钟向转位。 | G61: 1 | H61: standardized_foshan.xlsx:Sheet1 | I61: GT_Admission_Checks | J61: analysis_viz/data/raw/center_data/佛山/GT/standardized_foshan.xlsx | K61: segment_exists && segment_not_none
A62: analysis_viz/data/raw/center_data/*/GT/*.xlsx:Sheet1[GT_Outpatient_Checks,GT_Admission_Checks] | B62: 佛山 | C62: foshan_9 | D62: Outpatient | E62: 实验室检查 | F62: 检验 | G62: 1 | H62: standardized_foshan.xlsx:Sheet1 | I62: GT_Outpatient_Checks | J62: analysis_viz/data/raw/center_data/佛山/GT/standardized_foshan.xlsx | K62: 按文本关键词命中类型；若片段非无且未命中则归其他检查
A63: analysis_viz/data/raw/center_data/*/GT/*.xlsx:Sheet1[GT_Outpatient_Checks,GT_Admission_Checks] | B63: 佛山 | C63: foshan_9 | D63: Outpatient | E63: 影像学检查 | F63: 检查 | G63: 1 | H63: standardized_foshan.xlsx:Sheet1 | I63: GT_Outpatient_Checks | J63: analysis_viz/data/raw/center_data/佛山/GT/standardized_foshan.xlsx | K63: 按文本关键词命中类型；若片段非无且未命中则归其他检查
A64: analysis_viz/data/raw/center_data/*/GT/*.xlsx:Sheet1[GT_Outpatient_Checks,GT_Admission_Checks] | B64: 佛山 | C64: foshan_9 | D64: Outpatient | E64: 内镜检查 | G64: 0 | H64: standardized_foshan.xlsx:Sheet1 | I64: GT_Outpatient_Checks | J64: analysis_viz/data/raw/center_data/佛山/GT/standardized_foshan.xlsx | K64: 按文本关键词命中类型；若片段非无且未命中则归其他检查
A65: analysis_viz/data/raw/center_data/*/GT/*.xlsx:Sheet1[GT_Outpatient_Checks,GT_Admission_Checks] | B65: 佛山 | C65: foshan_9 | D65: Outpatient | E65: 病理学检查 | G65: 0 | H65: standardized_foshan.xlsx:Sheet1 | I65: GT_Outpatient_Checks | J65: analysis_viz/data/raw/center_data/佛山/GT/standardized_foshan.xlsx | K65: 按文本关键词命中类型；若片段非无且未命中则归其他检查
A66: analysis_viz/data/raw/center_data/*/GT/*.xlsx:Sheet1[GT_Outpatient_Checks,GT_Admission_Checks] | B66: 佛山 | C66: foshan_9 | D66: Outpatient | E66: 其他检查 | G66: 0 | H66: standardized_foshan.xlsx:Sheet1 | I66: GT_Outpatient_Checks | J66: analysis_viz/data/raw/center_data/佛山/GT/standardized_foshan.xlsx | K66: 按文本关键词命中类型；若片段非无且未命中则归其他检查
A67: analysis_viz/data/raw/center_data/*/GT/*.xlsx:Sheet1[GT_Outpatient_Checks,GT_Admission_Checks] | B67: 佛山 | C67: foshan_9 | D67: Admission | E67: 实验室检查 | F67: 血常规(急诊)(2024-05-10)：血红蛋白83g/L，红细胞压积0.273。 β-HCG定量(急诊)(2024-05-10)：总β人绒毛膜促性腺激素769.46IU/L。 肾功四项+肝功1(2024-05-11)：乳酸脱氢酶304U/L。 ; | G67: 1 | H67: standardized_foshan.xlsx:Sheet1 | I67: GT_Admission_Checks | J67: analysis_viz/data/raw/center_data/佛山/GT/standardized_foshan.xlsx | K67: segment_exists && segment_not_none
A68: analysis_viz/data/raw/center_data/*/GT/*.xlsx:Sheet1[GT_Outpatient_Checks,GT_Admission_Checks] | B68: 佛山 | C68: foshan_9 | D68: Admission | E68: 影像学检查 | F68: 无 ; | G68: 0 | H68: standardized_foshan.xlsx:Sheet1 | I68: GT_Admission_Checks | J68: analysis_viz/data/raw/center_data/佛山/GT/standardized_foshan.xlsx | K68: segment_exists && segment_not_none
A69: analysis_viz/data/raw/center_data/*/GT/*.xlsx:Sheet1[GT_Outpatient_Checks,GT_Admission_Checks] | B69: 佛山 | C69: foshan_9 | D69: Admission | E69: 内镜检查 | F69: 无 ; | G69: 0 | H69: standardized_foshan.xlsx:Sheet1 | I69: GT_Admission_Checks | J69: analysis_viz/data/raw/center_data/佛山/GT/standardized_foshan.xlsx | K69: segment_exists && segment_not_none
A70: analysis_viz/data/raw/center_data/*/GT/*.xlsx:Sheet1[GT_Outpatient_Checks,GT_Admission_Checks] | B70: 佛山 | C70: foshan_9 | D70: Admission | E70: 病理学检查 | F70: 无 ; | G70: 0 | H70: standardized_foshan.xlsx:Sheet1 | I70: GT_Admission_Checks | J70: analysis_viz/data/raw/center_data/佛山/GT/standardized_foshan.xlsx | K70: segment_exists && segment_not_none
A71: analysis_viz/data/raw/center_data/*/GT/*.xlsx:Sheet1[GT_Outpatient_Checks,GT_Admission_Checks] | B71: 佛山 | C71: foshan_9 | D71: Admission | E71: 其他检查 | F71: 无 | G71: 0 | H71: standardized_foshan.xlsx:Sheet1 | I71: GT_Admission_Checks | J71: analysis_viz/data/raw/center_data/佛山/GT/standardized_foshan.xlsx | K71: segment_exists && segment_not_none
A72: analysis_viz/data/raw/center_data/*/GT/*.xlsx:Sheet1[GT_Outpatient_Checks,GT_Admission_Checks] | B72: 佛山 | C72: foshan_10 | D72: Outpatient | E72: 实验室检查 | G72: 0 | H72: standardized_foshan.xlsx:Sheet1 | I72: GT_Outpatient_Checks | J72: analysis_viz/data/raw/center_data/佛山/GT/standardized_foshan.xlsx | K72: 按文本关键词命中类型；若片段非无且未命中则归其他检查
A73: analysis_viz/data/raw/center_data/*/GT/*.xlsx:Sheet1[GT_Outpatient_Checks,GT_Admission_Checks] | B73: 佛山 | C73: foshan_10 | D73: Outpatient | E73: 影像学检查 | G73: 0 | H73: standardized_foshan.xlsx:Sheet1 | I73: GT_Outpatient_Checks | J73: analysis_viz/data/raw/center_data/佛山/GT/standardized_foshan.xlsx | K73: 按文本关键词命中类型；若片段非无且未命中则归其他检查
A74: analysis_viz/data/raw/center_data/*/GT/*.xlsx:Sheet1[GT_Outpatient_Checks,GT_Admission_Checks] | B74: 佛山 | C74: foshan_10 | D74: Outpatient | E74: 内镜检查 | G74: 0 | H74: standardized_foshan.xlsx:Sheet1 | I74: GT_Outpatient_Checks | J74: analysis_viz/data/raw/center_data/佛山/GT/standardized_foshan.xlsx | K74: 按文本关键词命中类型；若片段非无且未命中则归其他检查
A75: analysis_viz/data/raw/center_data/*/GT/*.xlsx:Sheet1[GT_Outpatient_Checks,GT_Admission_Checks] | B75: 佛山 | C75: foshan_10 | D75: Outpatient | E75: 病理学检查 | G75: 0 | H75: standardized_foshan.xlsx:Sheet1 | I75: GT_Outpatient_Checks | J75: analysis_viz/data/raw/center_data/佛山/GT/standardized_foshan.xlsx | K75: 按文本关键词命中类型；若片段非无且未命中则归其他检查
A76: analysis_viz/data/raw/center_data/*/GT/*.xlsx:Sheet1[GT_Outpatient_Checks,GT_Admission_Checks] | B76: 佛山 | C76: foshan_10 | D76: Outpatient | E76: 其他检查 | G76: 0 | H76: standardized_foshan.xlsx:Sheet1 | I76: GT_Outpatient_Checks | J76: analysis_viz/data/raw/center_data/佛山/GT/standardized_foshan.xlsx | K76: 按文本关键词命中类型；若片段非无且未命中则归其他检查
A77: analysis_viz/data/raw/center_data/*/GT/*.xlsx:Sheet1[GT_Outpatient_Checks,GT_Admission_Checks] | B77: 佛山 | C77: foshan_10 | D77: Admission | E77: 实验室检查 | F77: 血型鉴定(2024-05-06)：Rh表型CCDee，ABO血型B型，RH(D)血型阳性。大便常规+潜血(2024-05-07)：红细胞*0-1个/HP，大便肝吸虫卵查见。糖类抗原CA-199+人附睾蛋白4+糖类抗原CA125(2024-05-06)：糖类抗原-125 337.18U/mL，绝经前ROMA值46.8015％，绝经后ROMA值76.8380％，糖类抗原-199 148.98U/mL。尿液分析(2024-05-06)：尿潜血2+，尿白细胞酯酶2+。肾功四项+电解质六项(2024-05-06)：葡萄糖6.85mmol/L。血常规、凝血四项、HBsAg定量+免疫三项、肝功、真滴常规+BV未见明显异常。 ; | G77: 1 | H77: standardized_foshan.xlsx:Sheet1 | I77: GT_Admission_Checks | J77: analysis_viz/data/raw/center_data/佛山/GT/standardized_foshan.xlsx | K77: segment_exists && segment_not_none
A78: analysis_viz/data/raw/center_data/*/GT/*.xlsx:Sheet1[GT_Outpatient_Checks,GT_Admission_Checks] | B78: 佛山 | C78: foshan_10 | D78: Admission | E78: 影像学检查 | F78: 彩超肝胆脾胰(2024-05-06)：1、脂肪肝声像； 2、肝右叶实性稍低回声：符合正常肝回声声像； 3、胆、脾、胰未见明显异常。DR胸部正侧位片(2024-05-06)：心、肺、膈未见明确异常。彩超肾输尿管膀胱(2024-05-06)：双肾、膀胱未见明显异常。MR3.0盆腔平扫+增强(2024-05-09)：1.子宫内膜欠光整，局部仍见少许结节状异常信号影伴早期轻度强化；左侧附件区团块状异常信号灶，考虑肿瘤性病变可能，子宫内膜样癌？建议病理明确；2.左侧附件区见团块状异常信号影，大小约32mm×45mm×39mm，T1WI呈等/稍高信号，T2WI呈混杂高信号，DWI示弥散受限，增强扫描明显强化，病灶内见血管影；建议随诊复查；3.子宫腔内少量积血，术后改变？请结合临床；4.子宫多发肌瘤，以前壁肌层为著；5.宫颈纳氏囊肿；6.盆腔少量积液。PET/CT：1.子宫肌瘤，宫腔内不规则高代谢灶，考虑为子宫内膜癌，浸润＜1/2肌层； 2.左侧卵巢团块状不均质软组织影，代谢增高，建议完善病理组织学检查除外恶性病变； 3.双侧髂血管旁及腹主动脉旁多个淋巴结，代谢未见增高，考虑为淋巴结炎性增生可能性大，建议随诊； 4.右肺中叶磨玻璃结节，代谢未见增高，暂考虑为良性结节，建议定期（6-12个月）复查； 5.双侧乳腺增生，双侧乳腺多发软组织结节，代谢未见增高，多考虑为乳腺纤维瘤或增生结节，建议随诊； 6.双肺少许慢性炎症；右肺中叶内侧段及左肺上叶下舌段少许纤维灶；双肺门及纵隔内淋巴结炎性增生；脂肪肝；双肾结石；盆腔少量积液；多个椎体骨质增生； 7.全身其他部位未见明显异常。 ; | G78: 1 | H78: standardized_foshan.xlsx:Sheet1 | I78: GT_Admission_Checks | J78: analysis_viz/data/raw/center_data/佛山/GT/standardized_foshan.xlsx | K78: segment_exists && segment_not_none
A79: analysis_viz/data/raw/center_data/*/GT/*.xlsx:Sheet1[GT_Outpatient_Checks,GT_Admission_Checks] | B79: 佛山 | C79: foshan_10 | D79: Admission | E79: 内镜检查 | F79: 宫颈外口：未见异常。宫腔深度：子宫后位，宫深8.5cm 顺利扩宫至5# 宫颈管：形态正常，内膜光滑。宫腔形态：基本正常。宫腔内膜：子宫内膜增厚，宫腔内见团块状不规则赘生物，局部可见黄白色颗粒状物及血管，以左侧壁及前后壁明显。宫角及输卵管开口：双侧宫角光滑，右侧输卵管开口清晰可见，左侧输卵管开口被赘生物遮挡。胃镜：1.胃多发息肉 2.慢性浅表性胃炎。肠镜：1、所见回肠末端、结直肠粘膜未见明显异常 2、内痔。 ; | G79: 1 | H79: standardized_foshan.xlsx:Sheet1 | I79: GT_Admission_Checks | J79: analysis_viz/data/raw/center_data/佛山/GT/standardized_foshan.xlsx | K79: segment_exists && segment_not_none
A80: analysis_viz/data/raw/center_data/*/GT/*.xlsx:Sheet1[GT_Outpatient_Checks,GT_Admission_Checks] | B80: 佛山 | C80: foshan_10 | D80: Admission | E80: 病理学检查 | F80: 快速石蜡切片报告： 1、(宫腔组织)子宫内膜增殖症伴腺体不典型增生，部分区域考虑癌变（中分化子宫内膜腺癌），建议临床进一步检查； 2、(宫颈组织)黏液组织中见少量破碎颈管粘膜。 ; | G80: 1 | H80: standardized_foshan.xlsx:Sheet1 | I80: GT_Admission_Checks | J80: analysis_viz/data/raw/center_data/佛山/GT/standardized_foshan.xlsx | K80: segment_exists && segment_not_none
A81: analysis_viz/data/raw/center_data/*/GT/*.xlsx:Sheet1[GT_Outpatient_Checks,GT_Admission_Checks] | B81: 佛山 | C81: foshan_10 | D81: Admission | E81: 其他检查 | F81: 科内床旁心电图(2024-05-06)：1、窦性心律； 2、正常心电图。 | G81: 1 | H81: standardized_foshan.xlsx:Sheet1 | I81: GT_Admission_Checks | J81: analysis_viz/data/raw/center_data/佛山/GT/standardized_foshan.xlsx | K81: segment_exists && segment_not_none
A82: analysis_viz/data/raw/center_data/*/GT/*.xlsx:Sheet1[GT_Outpatient_Checks,GT_Admission_Checks] | B82: 佛山 | C82: foshan_11 | D82: Outpatient | E82: 实验室检查 | G82: 0 | H82: standardized_foshan.xlsx:Sheet1 | I82: GT_Outpatient_Checks | J82: analysis_viz/data/raw/center_data/佛山/GT/standardized_foshan.xlsx | K82: 按文本关键词命中类型；若片段非无且未命中则归其他检查
A83: analysis_viz/data/raw/center_data/*/GT/*.xlsx:Sheet1[GT_Outpatient_Checks,GT_Admission_Checks] | B83: 佛山 | C83: foshan_11 | D83: Outpatient | E83: 影像学检查 | G83: 0 | H83: standardized_foshan.xlsx:Sheet1 | I83: GT_Outpatient_Checks | J83: analysis_viz/data/raw/center_data/佛山/GT/standardized_foshan.xlsx | K83: 按文本关键词命中类型；若片段非无且未命中则归其他检查
A84: analysis_viz/data/raw/center_data/*/GT/*.xlsx:Sheet1[GT_Outpatient_Checks,GT_Admission_Checks] | B84: 佛山 | C84: foshan_11 | D84: Outpatient | E84: 内镜检查 | G84: 0 | H84: standardized_foshan.xlsx:Sheet1 | I84: GT_Outpatient_Checks | J84: analysis_viz/data/raw/center_data/佛山/GT/standardized_foshan.xlsx | K84: 按文本关键词命中类型；若片段非无且未命中则归其他检查
A85: analysis_viz/data/raw/center_data/*/GT/*.xlsx:Sheet1[GT_Outpatient_Checks,GT_Admission_Checks] | B85: 佛山 | C85: foshan_11 | D85: Outpatient | E85: 病理学检查 | G85: 0 | H85: standardized_foshan.xlsx:Sheet1 | I85: GT_Outpatient_Checks | J85: analysis_viz/data/raw/center_data/佛山/GT/standardized_foshan.xlsx | K85: 按文本关键词命中类型；若片段非无且未命中则归其他检查
A86: analysis_viz/data/raw/center_data/*/GT/*.xlsx:Sheet1[GT_Outpatient_Checks,GT_Admission_Checks] | B86: 佛山 | C86: foshan_11 | D86: Outpatient | E86: 其他检查 | G86: 0 | H86: standardized_foshan.xlsx:Sheet1 | I86: GT_Outpatient_Checks | J86: analysis_viz/data/raw/center_data/佛山/GT/standardized_foshan.xlsx | K86: 按文本关键词命中类型；若片段非无且未命中则归其他检查
A87: analysis_viz/data/raw/center_data/*/GT/*.xlsx:Sheet1[GT_Outpatient_Checks,GT_Admission_Checks] | B87: 佛山 | C87: foshan_11 | D87: Admission | E87: 实验室检查 | F87: 凝血六项、HBsAg定量+免疫三项：未见异常，血常规：嗜酸细胞百分比0.1％，嗜酸细胞绝对值0.01*10^9/L，甲状腺功能四项：游离甲状腺素7.96pmol/L，甲状腺过氧化物酶抗体606.4IU/ml，电解质六项+血脂六项+肾功七项+肝功1：谷氨酰转肽酶52U/L，总蛋白86.0g/L，葡萄糖6.36mmol/L，总胆固醇6.58mmol/L，高密度脂蛋白胆固醇2.07mmol/L，低密度脂蛋白胆固醇3.64mmol/L，载脂蛋白A11.83g/L，糖类抗原CA-199+人附睾蛋白4+糖类抗原CA125+鳞状上皮细胞癌抗原(SCC)+甲胎蛋白(AFP)+癌胚抗原(CEA)：绝经前ROMA值29.6096％，血型鉴定：Rh表型CCDee，ABO血型O型，RH(D)血型阳性，尿液分析：尿潜血3+，尿白细胞酯酶+-，大便常规+潜血：隐血阳性。 ; | G87: 1 | H87: standardized_foshan.xlsx:Sheet1 | I87: GT_Admission_Checks | J87: analysis_viz/data/raw/center_data/佛山/GT/standardized_foshan.xlsx | K87: segment_exists && segment_not_none
A88: analysis_viz/data/raw/center_data/*/GT/*.xlsx:Sheet1[GT_Outpatient_Checks,GT_Admission_Checks] | B88: 佛山 | C88: foshan_11 | D88: Admission | E88: 影像学检查 | F88: DR胸部正侧位片: 主动脉硬化，心肺未见异常。 MR3.0盆腔平扫+增强: 宫腔内膜不规则增厚，考虑为子宫内膜癌，病灶累及子宫肌层＞1/2，FIGO2018分期：ⅠB。PET-CT：1.子宫腔内高代谢灶，考虑为子宫内膜癌，病灶累及肌层＞1/2； 2.双侧髂血管旁及双侧腹股沟区多个淋巴结，代谢未见增高，考虑为淋巴结炎性增生可能性大； 3.双肺多发小结节，代谢未见增高，多考虑为增殖结节，建议随诊； 4.双侧甲状腺密度不均，右侧叶增大伴多发结节，代谢增高，考虑为结节性甲状腺肿可能，建议完善甲状腺相关检查； 5.双侧扁桃腺炎；双侧颈部淋巴结炎性增生；双肺少许纤维灶；主动脉硬化；肝左内叶囊肿；肝右叶钙化灶；脊柱退行性变； 6.全身其他部位未见明显异常。 ; | G88: 1 | H88: standardized_foshan.xlsx:Sheet1 | I88: GT_Admission_Checks | J88: analysis_viz/data/raw/center_data/佛山/GT/standardized_foshan.xlsx | K88: segment_exists && segment_not_none
A89: analysis_viz/data/raw/center_data/*/GT/*.xlsx:Sheet1[GT_Outpatient_Checks,GT_Admission_Checks] | B89: 佛山 | C89: foshan_11 | D89: Admission | E89: 内镜检查 | F89: 无 ; | G89: 0 | H89: standardized_foshan.xlsx:Sheet1 | I89: GT_Admission_Checks | J89: analysis_viz/data/raw/center_data/佛山/GT/standardized_foshan.xlsx | K89: segment_exists && segment_not_none
A90: analysis_viz/data/raw/center_data/*/GT/*.xlsx:Sheet1[GT_Outpatient_Checks,GT_Admission_Checks] | B90: 佛山 | C90: foshan_11 | D90: Admission | E90: 病理学检查 | F90: 手术标本检查与诊断(2023-11-03)：“宫腔刮出物”符合腺癌，待大体标本进一步检查。 ; | G90: 1 | H90: standardized_foshan.xlsx:Sheet1 | I90: GT_Admission_Checks | J90: analysis_viz/data/raw/center_data/佛山/GT/standardized_foshan.xlsx | K90: segment_exists && segment_not_none
A91: analysis_viz/data/raw/center_data/*/GT/*.xlsx:Sheet1[GT_Outpatient_Checks,GT_Admission_Checks] | B91: 佛山 | C91: foshan_11 | D91: Admission | E91: 其他检查 | F91: 科内床旁心电图; 窦性心律； T波低平或倒置（Ⅱ、Ⅲ、avF、V2-V4）， | G91: 1 | H91: standardized_foshan.xlsx:Sheet1 | I91: GT_Admission_Checks | J91: analysis_viz/data/raw/center_data/佛山/GT/standardized_foshan.xlsx | K91: segment_exists && segment_not_none
A92: analysis_viz/data/raw/center_data/*/GT/*.xlsx:Sheet1[GT_Outpatient_Checks,GT_Admission_Checks] | B92: 佛山 | C92: foshan_12 | D92: Outpatient | E92: 实验室检查 | G92: 0 | H92: standardized_foshan.xlsx:Sheet1 | I92: GT_Outpatient_Checks | J92: analysis_viz/data/raw/center_data/佛山/GT/standardized_foshan.xlsx | K92: 按文本关键词命中类型；若片段非无且未命中则归其他检查
A93: analysis_viz/data/raw/center_data/*/GT/*.xlsx:Sheet1[GT_Outpatient_Checks,GT_Admission_Checks] | B93: 佛山 | C93: foshan_12 | D93: Outpatient | E93: 影像学检查 | G93: 0 | H93: standardized_foshan.xlsx:Sheet1 | I93: GT_Outpatient_Checks | J93: analysis_viz/data/raw/center_data/佛山/GT/standardized_foshan.xlsx | K93: 按文本关键词命中类型；若片段非无且未命中则归其他检查
A94: analysis_viz/data/raw/center_data/*/GT/*.xlsx:Sheet1[GT_Outpatient_Checks,GT_Admission_Checks] | B94: 佛山 | C94: foshan_12 | D94: Outpatient | E94: 内镜检查 | G94: 0 | H94: standardized_foshan.xlsx:Sheet1 | I94: GT_Outpatient_Checks | J94: analysis_viz/data/raw/center_data/佛山/GT/standardized_foshan.xlsx | K94: 按文本关键词命中类型；若片段非无且未命中则归其他检查
A95: analysis_viz/data/raw/center_data/*/GT/*.xlsx:Sheet1[GT_Outpatient_Checks,GT_Admission_Checks] | B95: 佛山 | C95: foshan_12 | D95: Outpatient | E95: 病理学检查 | G95: 0 | H95: standardized_foshan.xlsx:Sheet1 | I95: GT_Outpatient_Checks | J95: analysis_viz/data/raw/center_data/佛山/GT/standardized_foshan.xlsx | K95: 按文本关键词命中类型；若片段非无且未命中则归其他检查
A96: analysis_viz/data/raw/center_data/*/GT/*.xlsx:Sheet1[GT_Outpatient_Checks,GT_Admission_Checks] | B96: 佛山 | C96: foshan_12 | D96: Outpatient | E96: 其他检查 | G96: 0 | H96: standardized_foshan.xlsx:Sheet1 | I96: GT_Outpatient_Checks | J96: analysis_viz/data/raw/center_data/佛山/GT/standardized_foshan.xlsx | K96: 按文本关键词命中类型；若片段非无且未命中则归其他检查
A97: analysis_viz/data/raw/center_data/*/GT/*.xlsx:Sheet1[GT_Outpatient_Checks,GT_Admission_Checks] | B97: 佛山 | C97: foshan_12 | D97: Admission | E97: 实验室检查 | F97: 血型鉴定(输血或备血用)(2025-05-20)：Rh表型CCDee，ABO血型B型，RH(D)血型阳性。尿液分析(2025-05-21)：尿潜血+-，尿白细胞酯酶2+。血浆D二聚体、神经元特异性烯醇化酶(NSE)、心肌标志物两项、心功二项、糖类抗原CA-199、人附睾蛋白(HE4)测定、甲胎蛋白(AFP)、癌胚抗原(CEA)、鳞状上皮细胞癌抗原(SCC)、免疫三项、大便常规+潜血、乙肝五项(CLIA)未见明显异常。 ; | G97: 1 | H97: standardized_foshan.xlsx:Sheet1 | I97: GT_Admission_Checks | J97: analysis_viz/data/raw/center_data/佛山/GT/standardized_foshan.xlsx | K97: segment_exists && segment_not_none
A98: analysis_viz/data/raw/center_data/*/GT/*.xlsx:Sheet1[GT_Outpatient_Checks,GT_Admission_Checks] | B98: 佛山 | C98: foshan_12 | D98: Admission | E98: 影像学检查 | F98: 彩超双侧下肢动静脉(2025-05-20)：1、双侧下肢大动脉散在斑块形成； 2、双侧下肢深静脉血流通畅。彩超双侧椎A+锁骨下A+颈内V(2025-05-20)：1、双侧椎动脉、锁骨下动脉未见明显异常； 2、双侧颈内静脉血流通畅。彩超子宫附件(经腹经阴道）(2025-05-20)：1、宫颈后唇实性等回声团，血供较丰富，注意肿瘤性病变； 2、宫腔少量积液；3、双附件区未见明显异常包块。CT胸部平扫+增强(2025-05-22)：1.左肺上叶下舌段、右肺中叶及双肺下叶慢性炎症；2.双肺多发实性、磨玻璃小结节，Lung-RADS3级，建议12个月复查；3.升主动脉内径增宽，主动脉及冠状动脉硬化；4.子宫颈占位（47mm×40mm），符合子宫颈癌表现，建议MRI平扫+增强检查；5.肝S3异常强化灶，考虑海绵状血管瘤；6.肝内胆管扩张，以肝S3局部胆管扩张为著；脾脏多发低密度影，淋巴管囊肿？其它？建议上腹部MRI平扫+增强+MRCP检查；7.双输尿管上段稍扩张；8.腹腔多发稍高密度影伴小淋巴结，考虑脂膜炎；9.脊柱侧弯。CT头颅CTA(2025-05-24)：1、脑动脉粥样硬化；2、考虑双侧放射冠及基底节区腔隙性脑梗塞，建议必要时MR检查；3、轻度脑萎缩；4、轻度鼻窦炎。 ; | G98: 1 | H98: standardized_foshan.xlsx:Sheet1 | I98: GT_Admission_Checks | J98: analysis_viz/data/raw/center_data/佛山/GT/standardized_foshan.xlsx | K98: segment_exists && segment_not_none
A99: analysis_viz/data/raw/center_data/*/GT/*.xlsx:Sheet1[GT_Outpatient_Checks,GT_Admission_Checks] | B99: 佛山 | C99: foshan_12 | D99: Admission | E99: 内镜检查 | F99: 无 ; | G99: 0 | H99: standardized_foshan.xlsx:Sheet1 | I99: GT_Admission_Checks | J99: analysis_viz/data/raw/center_data/佛山/GT/standardized_foshan.xlsx | K99: segment_exists && segment_not_none
A100: analysis_viz/data/raw/center_data/*/GT/*.xlsx:Sheet1[GT_Outpatient_Checks,GT_Admission_Checks] | B100: 佛山 | C100: foshan_12 | D100: Admission | E100: 病理学检查 | F100: 无 ; | G100: 0 | H100: standardized_foshan.xlsx:Sheet1 | I100: GT_Admission_Checks | J100: analysis_viz/data/raw/center_data/佛山/GT/standardized_foshan.xlsx | K100: segment_exists && segment_not_none
...

Sheet 明细_方案_type
A1: source_table | B1: Stage | C1: Category | D1: Cases
A2: see_meta | B2: Rehab_Plan | C2: 其他 | D2: 448
A3: see_meta | B3: Followup_Plan | C3: 随访/复查 | D3: 398
A4: see_meta | B4: PostOp_Plan | C4: 手术 | D4: 317
A5: see_meta | B5: Surgery_Plan | C5: 手术 | D5: 294
A6: see_meta | B6: Rehab_Plan | C6: 康复/护理 | D6: 219
A7: see_meta | B7: Followup_Plan | C7: 其他 | D7: 124
A8: see_meta | B8: PostOp_Plan | C8: 其他 | D8: 93
A9: see_meta | B9: Rehab_Plan | C9: 随访/复查 | D9: 92
A10: see_meta | B10: Followup_Plan | C10: 手术 | D10: 59
A11: see_meta | B11: Surgery_Plan | C11: 其他 | D11: 53
A12: see_meta | B12: PostOp_Plan | C12: 内分泌/激素 | D12: 22
A13: see_meta | B13: Surgery_Plan | C13: 化疗 | D13: 12
... A27: see_meta | B27: Surgery_Plan | C27: 内分泌/激素 | D27: 1

Sheet 明细_方案_continuity
A1: source_table | B1: center | C1: case_id | D1: plan_label | E1: source_gt_path | F1: plan_stage
A2: analysis_viz/data/derived/figdata/v2_subplots/G1_dataset/G1_llm_case_taxonomy_v1.csv | B2: 佛山 | C2: foshan_10 | D2: 手术处置 | E2: analysis_viz/data/raw/center_data/佛山/GT/standardized_foshan.xlsx | F2: Surgery
A3: analysis_viz/data/derived/figdata/v2_subplots/G1_dataset/G1_llm_case_taxonomy_v1.csv | B3: 佛山 | C3: foshan_100 | D3: 手术处置 | E3: analysis_viz/data/raw/center_data/佛山/GT/standardized_foshan.xlsx | F3: Surgery
A4: analysis_viz/data/derived/figdata/v2_subplots/G1_dataset/G1_llm_case_taxonomy_v1.csv | B4: 佛山 | C4: foshan_101 | D4: 手术处置 | E4: analysis_viz/data/raw/center_data/佛山/GT/standardized_foshan.xlsx | F4: Surgery
A5: analysis_viz/data/derived/figdata/v2_subplots/G1_dataset/G1_llm_case_taxonomy_v1.csv | B5: 佛山 | C5: foshan_102 | D5: 手术处置 | E5: analysis_viz/data/raw/center_data/佛山/GT/standardized_foshan.xlsx | F5: Surgery
A6: analysis_viz/data/derived/figdata/v2_subplots/G1_dataset/G1_llm_case_taxonomy_v1.csv | B6: 佛山 | C6: foshan_103 | D6: 手术处置 | E6: analysis_viz/data/raw/center_data/佛山/GT/standardized_foshan.xlsx | F6: Surgery
A7: analysis_viz/data/derived/figdata/v2_subplots/G1_dataset/G1_llm_case_taxonomy_v1.csv | B7: 佛山 | C7: foshan_104 | D7: 手术处置 | E7: analysis_viz/data/raw/center_data/佛山/GT/standardized_foshan.xlsx | F7: Surgery
A8: analysis_viz/data/derived/figdata/v2_subplots/G1_dataset/G1_llm_case_taxonomy_v1.csv | B8: 佛山 | C8: foshan_105 | D8: 手术处置 | E8: analysis_viz/data/raw/center_data/佛山/GT/standardized_foshan.xlsx | F8: Surgery
A9: analysis_viz/data/derived/figdata/v2_subplots/G1_dataset/G1_llm_case_taxonomy_v1.csv | B9: 佛山 | C9: foshan_106 | D9: 手术处置 | E9: analysis_viz/data/raw/center_data/佛山/GT/standardized_foshan.xlsx | F9: Surgery
A10: analysis_viz/data/derived/figdata/v2_subplots/G1_dataset/G1_llm_case_taxonomy_v1.csv | B10: 佛山 | C10: foshan_107 | D10: 手术处置 | E10: analysis_viz/data/raw/center_data/佛山/GT/standardized_foshan.xlsx | F10: Surgery
A11: analysis_viz/data/derived/figdata/v2_subplots/G1_dataset/G1_llm_case_taxonomy_v1.csv | B11: 佛山 | C11: foshan_108 | D11: 手术处置 | E11: analysis_viz/data/raw/center_data/佛山/GT/standardized_foshan.xlsx | F11: Surgery
A12: analysis_viz/data/derived/figdata/v2_subplots/G1_dataset/G1_llm_case_taxonomy_v1.csv | B12: 佛山 | C12: foshan_109 | D12: 手术处置 | E12: analysis_viz/data/raw/center_data/佛山/GT/standardized_foshan.xlsx | F12: Surgery
... A1217: analysis_viz/data/derived/figdata/v2_subplots/G1_dataset/G1_llm_case_taxonomy_v1.csv | B1217: 武汉 | C1217: wuhan_99 | D1217: 随访管理 | E1217: analysis_viz/data/raw/center_data/武汉/GT/standardized_wuhan - 移动信息.xlsx | F1217: Followup

Sheet 明细_方案_阶段_pct_non桑基
A1: source_table | B1: 手术处置 | C1: 药物/内分泌治疗 | D1: 检查/监测 | E1: 康复/护理 | F1: 随访管理 | G1: 其他 | H1: 无/未提及
A2: 由 detail_plan_continuity 按 plan_stage×plan_label 汇总后标准化为百分比 | B2: 92.105263 | C2: 5.2631579 | D2: 1.3157895 | E2: 0 | F2: 0 | G2: 1.3157895 | H2: 0
A3: 由 detail_plan_continuity 按 plan_stage×plan_label 汇总后标准化为百分比 | B3: 1.3157895 | C3: 40.131579 | D3: 6.5789474 | E3: 0.65789474 | F3: 22.697368 | G3: 2.3026316 | H3: 26.315789
A4: 由 detail_plan_continuity 按 plan_stage×plan_label 汇总后标准化为百分比 | B4: 0.32894737 | C4: 9.2105263 | D4: 4.2763158 | E4: 34.868421 | F4: 23.355263 | G4: 0.65789474 | H4: 27.302632
A5: 由 detail_plan_continuity 按 plan_stage×plan_label 汇总后标准化为百分比 | B5: 0 | C5: 0 | D5: 0.65789474 | E5: 0 | F5: 75.657895 | G5: 0 | H5: 23.684211

Sheet 汇总_中心
A1: source_table | B1: Center | C1: Cases | D1: Percent | E1: sample_size | F1: formula_cases | G1: formula_percent | H1: formula_sample_size
A2: see_meta | B2: Foshan | C2: 109 | D2: 0.35855263 | E2: 304 | F2: =IFERROR(SUMIFS('明细_中心'!$C:$C,'明细_中心'!$B:$B,B2),"") | G2: =IFERROR(C2/SUM($C:$C),"") | H2: =IFERROR(SUM($C:$C),"")
A3: see_meta | B3: Wuhan | C3: 100 | D3: 0.32894737 | E3: 304 | F3: =IFERROR(SUMIFS('明细_中心'!$C:$C,'明细_中心'!$B:$B,B3),"") | G3: =IFERROR(C3/SUM($C:$C),"") | H3: =IFERROR(SUM($C:$C),"")
A4: see_meta | B4: Xinjiang | C4: 95 | D4: 0.3125 | E4: 304 | F4: =IFERROR(SUMIFS('明细_中心'!$C:$C,'明细_中心'!$B:$B,B4),"") | G4: =IFERROR(C4/SUM($C:$C),"") | H4: =IFERROR(SUM($C:$C),"")

Sheet 汇总_诊断_阶段
A1: source_table | B1: Stage | C1: DiagnosisCategory | D1: Cases | E1: formula_cases
A2: see_meta | B2: Admission | C2: 恶性肿瘤 | D2: 102 | E2: =IFERROR(SUMIFS('明细_诊断_阶段'!$D:$D,'明细_诊断_阶段'!$B:$B,B2,'明细_诊断_阶段'!$C:$C,C2),"")
A3: see_meta | B3: Admission | C3: 子宫肌瘤 | D3: 47 | E3: =IFERROR(SUMIFS('明细_诊断_阶段'!$D:$D,'明细_诊断_阶段'!$B:$B,B3,'明细_诊断_阶段'!$C:$C,C3),"")
A4: see_meta | B4: Admission | C4: 子宫内膜息肉 | D4: 46 | E4: =IFERROR(SUMIFS('明细_诊断_阶段'!$D:$D,'明细_诊断_阶段'!$B:$B,B4,'明细_诊断_阶段'!$C:$C,C4),"")
A5: see_meta | B5: Admission | C5: 妊娠相关 | D5: 39 | E5: =IFERROR(SUMIFS('明细_诊断_阶段'!$D:$D,'明细_诊断_阶段'!$B:$B,B5,'明细_诊断_阶段'!$C:$C,C5),"")
A6: see_meta | B6: Admission | C6: 其他/未分类 | D6: 26 | E6: =IFERROR(SUMIFS('明细_诊断_阶段'!$D:$D,'明细_诊断_阶段'!$B:$B,B6,'明细_诊断_阶段'!$C:$C,C6),"")
A7: see_meta | B7: Admission | C7: 月经/出血异常 | D7: 21 | E7: =IFERROR(SUMIFS('明细_诊断_阶段'!$D:$D,'明细_诊断_阶段'!$B:$B,B7,'明细_诊断_阶段'!$C:$C,C7),"")
A8: see_meta | B8: Admission | C8: 宫颈良性病变 | D8: 9 | E8: =IFERROR(SUMIFS('明细_诊断_阶段'!$D:$D,'明细_诊断_阶段'!$B:$B,B8,'明细_诊断_阶段'!$C:$C,C8),"")
A9: see_meta | B9: Admission | C9: 子宫腺肌症 | D9: 7 | E9: =IFERROR(SUMIFS('明细_诊断_阶段'!$D:$D,'明细_诊断_阶段'!$B:$B,B9,'明细_诊断_阶段'!$C:$C,C9),"")
A10: see_meta | B10: Admission | C10: 宫颈癌前/上皮内病变 | D10: 4 | E10: =IFERROR(SUMIFS('明细_诊断_阶段'!$D:$D,'明细_诊断_阶段'!$B:$B,B10,'明细_诊断_阶段'!$C:$C,C10),"")
A11: see_meta | B11: Admission | C11: 炎症/感染 | D11: 2 | E11: =IFERROR(SUMIFS('明细_诊断_阶段'!$D:$D,'明细_诊断_阶段'!$B:$B,B11,'明细_诊断_阶段'!$C:$C,C11),"")
A12: see_meta | B12: Admission | C12: 卵巢良性肿物/囊肿 | D12: 1 | E12: =IFERROR(SUMIFS('明细_诊断_阶段'!$D:$D,'明细_诊断_阶段'!$B:$B,B12,'明细_诊断_阶段'!$C:$C,C12),"")
A13: see_meta | B13: Final | C13: 子宫内膜息肉 | D13: 83 | E13: =IFERROR(SUMIFS('明细_诊断_阶段'!$D:$D,'明细_诊断_阶段'!$B:$B,B13,'明细_诊断_阶段'!$C:$C,C13),"")
... A36: see_meta | B36: Revised | C36: 子宫内膜增生 | D36: 1 | E36: =IFERROR(SUMIFS('明细_诊断_阶段'!$D:$D,'明细_诊断_阶段'!$B:$B,B36,'明细_诊断_阶段'!$C:$C,C36),"")

Sheet 汇总_诊断_阶段_palm
A1: source_table | B1: stage4 | C1: palm_coein | D1: cases | E1: formula_cases
A2: see_meta | B2: D1 | C2: P-息肉 | D2: 87 | E2: =IFERROR(COUNTIFS('明细_诊断_阶段_palm'!$D:$D,B2,'明细_诊断_阶段_palm'!$F:$F,C2),"")
A3: see_meta | B3: D1 | C3: A-腺肌症 | D3: 8 | E3: =IFERROR(COUNTIFS('明细_诊断_阶段_palm'!$D:$D,B3,'明细_诊断_阶段_palm'!$F:$F,C3),"")
A4: see_meta | B4: D1 | C4: L-肌瘤 | D4: 35 | E4: =IFERROR(COUNTIFS('明细_诊断_阶段_palm'!$D:$D,B4,'明细_诊断_阶段_palm'!$F:$F,C4),"")
A5: see_meta | B5: D1 | C5: M-恶性/增生 | D5: 94 | E5: =IFERROR(COUNTIFS('明细_诊断_阶段_palm'!$D:$D,B5,'明细_诊断_阶段_palm'!$F:$F,C5),"")
A6: see_meta | B6: D1 | C6: C-凝血相关 | D6: 1 | E6: =IFERROR(COUNTIFS('明细_诊断_阶段_palm'!$D:$D,B6,'明细_诊断_阶段_palm'!$F:$F,C6),"")
A7: see_meta | B7: D1 | C7: O-排卵障碍 | D7: 5 | E7: =IFERROR(COUNTIFS('明细_诊断_阶段_palm'!$D:$D,B7,'明细_诊断_阶段_palm'!$F:$F,C7),"")
A8: see_meta | B8: D1 | C8: E-子宫内膜原因 | D8: 2 | E8: =IFERROR(COUNTIFS('明细_诊断_阶段_palm'!$D:$D,B8,'明细_诊断_阶段_palm'!$F:$F,C8),"")
A9: see_meta | B9: D1 | C9: I-医源性 | D9: 6 | E9: =IFERROR(COUNTIFS('明细_诊断_阶段_palm'!$D:$D,B9,'明细_诊断_阶段_palm'!$F:$F,C9),"")
A10: see_meta | B10: D1 | C10: N-非肿瘤 | D10: 26 | E10: =IFERROR(COUNTIFS('明细_诊断_阶段_palm'!$D:$D,B10,'明细_诊断_阶段_palm'!$F:$F,C10),"")
A11: see_meta | B11: D1 | C11: 不适用 | D11: 40 | E11: =IFERROR(COUNTIFS('明细_诊断_阶段_palm'!$D:$D,B11,'明细_诊断_阶段_palm'!$F:$F,C11),"")
A12: see_meta | B12: D2 | C12: P-息肉 | D12: 81 | E12: =IFERROR(COUNTIFS('明细_诊断_阶段_palm'!$D:$D,B12,'明细_诊断_阶段_palm'!$F:$F,C12),"")
A13: see_meta | B13: D2 | C13: A-腺肌症 | D13: 11 | E13: =IFERROR(COUNTIFS('明细_诊断_阶段_palm'!$D:$D,B13,'明细_诊断_阶段_palm'!$F:$F,C13),"")
... A30: see_meta | B30: D3 | C30: 不适用 | D30: 35 | E30: =IFERROR(COUNTIFS('明细_诊断_阶段_palm'!$D:$D,B30,'明细_诊断_阶段_palm'!$F:$F,C30),"")

Sheet 汇总_中心_benign_malignant
A1: source_table | B1: benign_malignant | C1: cases | D1: formula_cases
A2: see_meta | B2: 良性 | C2: 177 | D2: =IFERROR(COUNTIFS('明细_中心_bm_病例'!$I:$I,B2),"")
A3: see_meta | B3: 恶性 | C3: 97 | D3: =IFERROR(COUNTIFS('明细_中心_bm_病例'!$I:$I,B3),"")
A4: see_meta | B4: 非肿瘤 | C4: 30 | D4: =IFERROR(COUNTIFS('明细_中心_bm_病例'!$I:$I,B4),"")

Sheet 汇总_llm_taxonomy_quality
A1: source_table | B1: metric | C1: value | D1: formula_value
A2: see_meta | B2: total_cases | C2: 304 | D2: =IFERROR(IF(B2="total_cases",COUNTA('明细_llm_taxonomy_病例'!$C:$C),IF(B2="fallback_cases",COUNTIF('明细_llm_taxonomy_病例'!$N:$N,1),IF(B2="error_cases",COUNTIFS('明细_llm_taxonomy_病例'!$T:$T,"<>NONE"),IF(B2="error_429_cases",COUNTIF('明细_llm_taxonomy_病例'!$T:$T,"HTTP_429"),IF(B2="llm_success_cases",COUNTIF('明细_llm_taxonomy_病例'!$U:$U,"llm_success"),""))))),"")
A3: see_meta | B3: fallback_cases | C3: 12 | D3: =IFERROR(IF(B3="total_cases",COUNTA('明细_llm_taxonomy_病例'!$C:$C),IF(B3="fallback_cases",COUNTIF('明细_llm_taxonomy_病例'!$N:$N,1),IF(B3="error_cases",COUNTIFS('明细_llm_taxonomy_病例'!$T:$T,"<>NONE"),IF(B3="error_429_cases",COUNTIF('明细_llm_taxonomy_病例'!$T:$T,"HTTP_429"),IF(B3="llm_success_cases",COUNTIF('明细_llm_taxonomy_病例'!$U:$U,"llm_success"),""))))),"")
A4: see_meta | B4: error_cases | C4: 12 | D4: =IFERROR(IF(B4="total_cases",COUNTA('明细_llm_taxonomy_病例'!$C:$C),IF(B4="fallback_cases",COUNTIF('明细_llm_taxonomy_病例'!$N:$N,1),IF(B4="error_cases",COUNTIFS('明细_llm_taxonomy_病例'!$T:$T,"<>NONE"),IF(B4="error_429_cases",COUNTIF('明细_llm_taxonomy_病例'!$T:$T,"HTTP_429"),IF(B4="llm_success_cases",COUNTIF('明细_llm_taxonomy_病例'!$U:$U,"llm_success"),""))))),"")
A5: see_meta | B5: error_429_cases | C5: 12 | D5: =IFERROR(IF(B5="total_cases",COUNTA('明细_llm_taxonomy_病例'!$C:$C),IF(B5="fallback_cases",COUNTIF('明细_llm_taxonomy_病例'!$N:$N,1),IF(B5="error_cases",COUNTIFS('明细_llm_taxonomy_病例'!$T:$T,"<>NONE"),IF(B5="error_429_cases",COUNTIF('明细_llm_taxonomy_病例'!$T:$T,"HTTP_429"),IF(B5="llm_success_cases",COUNTIF('明细_llm_taxonomy_病例'!$U:$U,"llm_success"),""))))),"")
A6: see_meta | B6: llm_success_cases | C6: 292 | D6: =IFERROR(IF(B6="total_cases",COUNTA('明细_llm_taxonomy_病例'!$C:$C),IF(B6="fallback_cases",COUNTIF('明细_llm_taxonomy_病例'!$N:$N,1),IF(B6="error_cases",COUNTIFS('明细_llm_taxonomy_病例'!$T:$T,"<>NONE"),IF(B6="error_429_cases",COUNTIF('明细_llm_taxonomy_病例'!$T:$T,"HTTP_429"),IF(B6="llm_success_cases",COUNTIF('明细_llm_taxonomy_病例'!$U:$U,"llm_success"),""))))),"")

Sheet 汇总_text_len
A1: source_table | B1: metric | C1: value | D1: formula_value
A2: see_meta | B2: unit | C2: non-space chars including punctuation | D2: =IFERROR(IF(B2="count",COUNT('明细_text_len'!$F:$F),IF(B2="mean",AVERAGE('明细_text_len'!$F:$F),IF(B2="median",MEDIAN('明细_text_len'!$F:$F),IF(B2="p25",PERCENTILE.INC('明细_text_len'!$F:$F,0.25),IF(B2="p75",PERCENTILE.INC('明细_text_len'!$F:$F,0.75),IF(B2="p95",PERCENTILE.INC('明细_text_len'!$F:$F,0.95),"non-space chars including punctuation")))))),"")
A3: see_meta | B3: count | C3: 304 | D3: =IFERROR(IF(B3="count",COUNT('明细_text_len'!$F:$F),IF(B3="mean",AVERAGE('明细_text_len'!$F:$F),IF(B3="median",MEDIAN('明细_text_len'!$F:$F),IF(B3="p25",PERCENTILE.INC('明细_text_len'!$F:$F,0.25),IF(B3="p75",PERCENTILE.INC('明细_text_len'!$F:$F,0.75),IF(B3="p95",PERCENTILE.INC('明细_text_len'!$F:$F,0.95),"non-space chars including punctuation")))))),"")
A4: see_meta | B4: mean | C4: 1292.6711 | D4: =IFERROR(IF(B4="count",COUNT('明细_text_len'!$F:$F),IF(B4="mean",AVERAGE('明细_text_len'!$F:$F),IF(B4="median",MEDIAN('明细_text_len'!$F:$F),IF(B4="p25",PERCENTILE.INC('明细_text_len'!$F:$F,0.25),IF(B4="p75",PERCENTILE.INC('明细_text_len'!$F:$F,0.75),IF(B4="p95",PERCENTILE.INC('明细_text_len'!$F:$F,0.95),"non-space chars including punctuation")))))),"")
A5: see_meta | B5: median | C5: 996.5 | D5: =IFERROR(IF(B5="count",COUNT('明细_text_len'!$F:$F),IF(B5="mean",AVERAGE('明细_text_len'!$F:$F),IF(B5="median",MEDIAN('明细_text_len'!$F:$F),IF(B5="p25",PERCENTILE.INC('明细_text_len'!$F:$F,0.25),IF(B5="p75",PERCENTILE.INC('明细_text_len'!$F:$F,0.75),IF(B5="p95",PERCENTILE.INC('明细_text_len'!$F:$F,0.95),"non-space chars including punctuation")))))),"")
A6: see_meta | B6: p25 | C6: 811.25 | D6: =IFERROR(IF(B6="count",COUNT('明细_text_len'!$F:$F),IF(B6="mean",AVERAGE('明细_text_len'!$F:$F),IF(B6="median",MEDIAN('明细_text_len'!$F:$F),IF(B6="p25",PERCENTILE.INC('明细_text_len'!$F:$F,0.25),IF(B6="p75",PERCENTILE.INC('明细_text_len'!$F:$F,0.75),IF(B6="p95",PERCENTILE.INC('明细_text_len'!$F:$F,0.95),"non-space chars including punctuation")))))),"")
A7: see_meta | B7: p75 | C7: 1621.75 | D7: =IFERROR(IF(B7="count",COUNT('明细_text_len'!$F:$F),IF(B7="mean",AVERAGE('明细_text_len'!$F:$F),IF(B7="median",MEDIAN('明细_text_len'!$F:$F),IF(B7="p25",PERCENTILE.INC('明细_text_len'!$F:$F,0.25),IF(B7="p75",PERCENTILE.INC('明细_text_len'!$F:$F,0.75),IF(B7="p95",PERCENTILE.INC('明细_text_len'!$F:$F,0.95),"non-space chars including punctuation")))))),"")
A8: see_meta | B8: p95 | C8: 2754.1 | D8: =IFERROR(IF(B8="count",COUNT('明细_text_len'!$F:$F),IF(B8="mean",AVERAGE('明细_text_len'!$F:$F),IF(B8="median",MEDIAN('明细_text_len'!$F:$F),IF(B8="p25",PERCENTILE.INC('明细_text_len'!$F:$F,0.25),IF(B8="p75",PERCENTILE.INC('明细_text_len'!$F:$F,0.75),IF(B8="p95",PERCENTILE.INC('明细_text_len'!$F:$F,0.95),"non-space chars including punctuation")))))),"")

Sheet 汇总_icd
A1: source_table | B1: ICD10Code | C1: ICD10Name | D1: Cases | E1: sample_size | F1: formula_cases | G1: formula_sample_size
A2: see_meta | B2: N84.0 | C2: 子宫内膜息肉 | D2: 57 | E2: 304 | F2: =IFERROR(SUMIFS('明细_icd'!$D:$D,'明细_icd'!$B:$B,B2),"") | G2: =IFERROR(SUM($D:$D),"")
A3: see_meta | B3: N84.0 | C3: 子宫体息肉 | D3: 21 | E3: 304 | F3: =IFERROR(SUMIFS('明细_icd'!$D:$D,'明细_icd'!$B:$B,B3),"") | G3: =IFERROR(SUM($D:$D),"")
A4: see_meta | B4: C54.1 | C4: 子宫内膜恶性肿瘤 | D4: 19 | E4: 304 | F4: =IFERROR(SUMIFS('明细_icd'!$D:$D,'明细_icd'!$B:$B,B4),"") | G4: =IFERROR(SUM($D:$D),"")
A5: see_meta | B5: C53.9 | C5: 宫颈恶性肿瘤 | D5: 17 | E5: 304 | F5: =IFERROR(SUMIFS('明细_icd'!$D:$D,'明细_icd'!$B:$B,B5),"") | G5: =IFERROR(SUM($D:$D),"")
A6: see_meta | B6: N80.0 | C6: 子宫腺肌病 | D6: 10 | E6: 304 | F6: =IFERROR(SUMIFS('明细_icd'!$D:$D,'明细_icd'!$B:$B,B6),"") | G6: =IFERROR(SUM($D:$D),"")
A7: see_meta | B7: C53.9 | C7: 子宫颈恶性肿瘤 | D7: 9 | E7: 304 | F7: =IFERROR(SUMIFS('明细_icd'!$D:$D,'明细_icd'!$B:$B,B7),"") | G7: =IFERROR(SUM($D:$D),"")
A8: see_meta | B8: D25.0 | C8: 子宫黏膜下平滑肌瘤 | D8: 7 | E8: 304 | F8: =IFERROR(SUMIFS('明细_icd'!$D:$D,'明细_icd'!$B:$B,B8),"") | G8: =IFERROR(SUM($D:$D),"")
A9: see_meta | B9: D25.0 | C9: 子宫粘膜下平滑肌瘤 | D9: 6 | E9: 304 | F9: =IFERROR(SUMIFS('明细_icd'!$D:$D,'明细_icd'!$B:$B,B9),"") | G9: =IFERROR(SUM($D:$D),"")
A10: see_meta | B10: O00.1 | C10: 输卵管妊娠 | D10: 6 | E10: 304 | F10: =IFERROR(SUMIFS('明细_icd'!$D:$D,'明细_icd'!$B:$B,B10),"") | G10: =IFERROR(SUM($D:$D),"")
A11: see_meta | B11: O20.0 | C11: 先兆流产 | D11: 6 | E11: 304 | F11: =IFERROR(SUMIFS('明细_icd'!$D:$D,'明细_icd'!$B:$B,B11),"") | G11: =IFERROR(SUM($D:$D),"")
A12: see_meta | B12: N71.9 | C12: 子宫内膜炎 | D12: 5 | E12: 304 | F12: =IFERROR(SUMIFS('明细_icd'!$D:$D,'明细_icd'!$B:$B,B12),"") | G12: =IFERROR(SUM($D:$D),"")
A13: see_meta | B13: N84.1 | C13: 宫颈息肉 | D13: 5 | E13: 304 | F13: =IFERROR(SUMIFS('明细_icd'!$D:$D,'明细_icd'!$B:$B,B13),"") | G13: =IFERROR(SUM($D:$D),"")
... A97: see_meta | B97: T83.3 | C97: 宫内节育器的机械性并发症 | D97: 1 | E97: 304 | F97: =IFERROR(SUMIFS('明细_icd'!$D:$D,'明细_icd'!$B:$B,B97),"") | G97: =IFERROR(SUM($D:$D),"")

Sheet 汇总_longtail
A1: source_table | B1: palm_coein | C1: cases | D1: formula_cases
A2: see_meta | B2: P-息肉 | C2: 94 | D2: =IFERROR(COUNTIFS('明细_诊断_阶段_palm'!$F:$F,B2),"")
A3: see_meta | B3: A-腺肌症 | C3: 13 | D3: =IFERROR(COUNTIFS('明细_诊断_阶段_palm'!$F:$F,B3),"")
A4: see_meta | B4: L-肌瘤 | C4: 32 | D4: =IFERROR(COUNTIFS('明细_诊断_阶段_palm'!$F:$F,B4),"")
A5: see_meta | B5: M-恶性/增生 | C5: 95 | D5: =IFERROR(COUNTIFS('明细_诊断_阶段_palm'!$F:$F,B5),"")
A6: see_meta | B6: O-排卵障碍 | C6: 7 | D6: =IFERROR(COUNTIFS('明细_诊断_阶段_palm'!$F:$F,B6),"")
A7: see_meta | B7: E-子宫内膜原因 | C7: 12 | D7: =IFERROR(COUNTIFS('明细_诊断_阶段_palm'!$F:$F,B7),"")
A8: see_meta | B8: I-医源性 | C8: 4 | D8: =IFERROR(COUNTIFS('明细_诊断_阶段_palm'!$F:$F,B8),"")
A9: see_meta | B9: N-非肿瘤 | C9: 12 | D9: =IFERROR(COUNTIFS('明细_诊断_阶段_palm'!$F:$F,B9),"")
A10: see_meta | B10: 不适用 | C10: 35 | D10: =IFERROR(COUNTIFS('明细_诊断_阶段_palm'!$F:$F,B10),"")

Sheet 汇总_检查_type
A1: source_table | B1: Stage | C1: Category | D1: Cases | E1: formula_cases
A2: see_meta | B2: Admission | C2: 实验室检查 | D2: 283 | E2: =IFERROR(SUMIFS('明细_检查_type'!$D:$D,'明细_检查_type'!$B:$B,B2,'明细_检查_type'!$C:$C,C2),"")
A3: see_meta | B3: Admission | C3: 内镜检查 | D3: 211 | E3: =IFERROR(SUMIFS('明细_检查_type'!$D:$D,'明细_检查_type'!$B:$B,B3,'明细_检查_type'!$C:$C,C3),"")
A4: see_meta | B4: Admission | C4: 影像学检查 | D4: 144 | E4: =IFERROR(SUMIFS('明细_检查_type'!$D:$D,'明细_检查_type'!$B:$B,B4,'明细_检查_type'!$C:$C,C4),"")
A5: see_meta | B5: Admission | C5: 其他检查 | D5: 80 | E5: =IFERROR(SUMIFS('明细_检查_type'!$D:$D,'明细_检查_type'!$B:$B,B5,'明细_检查_type'!$C:$C,C5),"")
A6: see_meta | B6: Admission | C6: 病理学检查 | D6: 75 | E6: =IFERROR(SUMIFS('明细_检查_type'!$D:$D,'明细_检查_type'!$B:$B,B6,'明细_检查_type'!$C:$C,C6),"")
A7: see_meta | B7: Outpatient | C7: 影像学检查 | D7: 250 | E7: =IFERROR(SUMIFS('明细_检查_type'!$D:$D,'明细_检查_type'!$B:$B,B7,'明细_检查_type'!$C:$C,C7),"")
A8: see_meta | B8: Outpatient | C8: 实验室检查 | D8: 190 | E8: =IFERROR(SUMIFS('明细_检查_type'!$D:$D,'明细_检查_type'!$B:$B,B8,'明细_检查_type'!$C:$C,C8),"")
A9: see_meta | B9: Outpatient | C9: 病理学检查 | D9: 21 | E9: =IFERROR(SUMIFS('明细_检查_type'!$D:$D,'明细_检查_type'!$B:$B,B9,'明细_检查_type'!$C:$C,C9),"")
A10: see_meta | B10: Outpatient | C10: 内镜检查 | D10: 14 | E10: =IFERROR(SUMIFS('明细_检查_type'!$D:$D,'明细_检查_type'!$B:$B,B10,'明细_检查_type'!$C:$C,C10),"")
A11: see_meta | B11: Outpatient | C11: 其他检查 | D11: 10 | E11: =IFERROR(SUMIFS('明细_检查_type'!$D:$D,'明细_检查_type'!$B:$B,B11,'明细_检查_type'!$C:$C,C11),"")

Sheet 汇总_方案_type
A1: source_table | B1: Stage | C1: Category | D1: Cases | E1: formula_cases
A2: see_meta | B2: Followup | C2: 检查/监测 | D2: 2 | E2: =IFERROR(SUMIFS('明细_方案_type'!$D:$D,'明细_方案_type'!$B:$B,B2,'明细_方案_type'!$C:$C,C2),"")
A3: see_meta | B3: Followup | C3: 随访管理 | D3: 230 | E3: =IFERROR(SUMIFS('明细_方案_type'!$D:$D,'明细_方案_type'!$B:$B,B3,'明细_方案_type'!$C:$C,C3),"")
A4: see_meta | B4: Followup | C4: 无/未提及 | D4: 72 | E4: =IFERROR(SUMIFS('明细_方案_type'!$D:$D,'明细_方案_type'!$B:$B,B4,'明细_方案_type'!$C:$C,C4),"")
A5: see_meta | B5: PostOp | C5: 手术处置 | D5: 4 | E5: =IFERROR(SUMIFS('明细_方案_type'!$D:$D,'明细_方案_type'!$B:$B,B5,'明细_方案_type'!$C:$C,C5),"")
A6: see_meta | B6: PostOp | C6: 药物/内分泌治疗 | D6: 122 | E6: =IFERROR(SUMIFS('明细_方案_type'!$D:$D,'明细_方案_type'!$B:$B,B6,'明细_方案_type'!$C:$C,C6),"")
A7: see_meta | B7: PostOp | C7: 检查/监测 | D7: 20 | E7: =IFERROR(SUMIFS('明细_方案_type'!$D:$D,'明细_方案_type'!$B:$B,B7,'明细_方案_type'!$C:$C,C7),"")
A8: see_meta | B8: PostOp | C8: 康复/护理 | D8: 2 | E8: =IFERROR(SUMIFS('明细_方案_type'!$D:$D,'明细_方案_type'!$B:$B,B8,'明细_方案_type'!$C:$C,C8),"")
A9: see_meta | B9: PostOp | C9: 随访管理 | D9: 69 | E9: =IFERROR(SUMIFS('明细_方案_type'!$D:$D,'明细_方案_type'!$B:$B,B9,'明细_方案_type'!$C:$C,C9),"")
A10: see_meta | B10: PostOp | C10: 其他 | D10: 7 | E10: =IFERROR(SUMIFS('明细_方案_type'!$D:$D,'明细_方案_type'!$B:$B,B10,'明细_方案_type'!$C:$C,C10),"")
A11: see_meta | B11: PostOp | C11: 无/未提及 | D11: 80 | E11: =IFERROR(SUMIFS('明细_方案_type'!$D:$D,'明细_方案_type'!$B:$B,B11,'明细_方案_type'!$C:$C,C11),"")
A12: see_meta | B12: Rehab | C12: 手术处置 | D12: 1 | E12: =IFERROR(SUMIFS('明细_方案_type'!$D:$D,'明细_方案_type'!$B:$B,B12,'明细_方案_type'!$C:$C,C12),"")
A13: see_meta | B13: Rehab | C13: 药物/内分泌治疗 | D13: 28 | E13: =IFERROR(SUMIFS('明细_方案_type'!$D:$D,'明细_方案_type'!$B:$B,B13,'明细_方案_type'!$C:$C,C13),"")
... A22: see_meta | B22: Surgery | C22: 其他 | D22: 4 | E22: =IFERROR(SUMIFS('明细_方案_type'!$D:$D,'明细_方案_type'!$B:$B,B22,'明细_方案_type'!$C:$C,C22),"")

Sheet 汇总_figure_versions
A1: source_table | B1: panel | C1: variant | D1: file | E1: style | F1: is_latest
A2: see_meta | B2: G1整体 | C2: no_sankey_e_alt | D2: analysis_viz\figures\v2_subplots\G1_dataset\G1_dataset_overview_no_sankey_e_alt_v1.png | E2: 当前定版：e 面板替换为 PALM-COEIN 分类长尾折线 | F2: 1
A3: see_meta | B3: G1b | C3: barh_stacked | D3: analysis_viz\figures\v2_subplots\G1_dataset\G1b_palm_coein_stage_bar_v1.png | E3: 当前定版：PALM-COEIN三阶段横向堆叠柱 | F3: 1
A4: see_meta | B4: G1e | C4: palm_longtail | D4: analysis_viz\figures\v2_subplots\G1_dataset\G1e_longtail_palm_line_v1.png | E4: 当前定版：PALM-COEIN 分类长尾（按最终阶段病例数统计） | F4: 1
A5: see_meta | B5: G1g | C5: barh_stacked | D5: analysis_viz\figures\v2_subplots\G1_dataset\G1g_plan_mix_stacked_bar_v1.png | E5: 当前定版：方案四阶段横向堆叠柱 | F5: 1

Sheet meta
A1: key | B1: value
A2: generated_at | B2: 2026-05-15T01:16:03
A3: figure | B3: analysis_viz\figures\v2_subplots\G1_dataset\G1_dataset_overview_no_sankey_e_alt_v1.png
A4: description | B4: G1 数据集概况当前定版切回 no_sankey_e_alt 方案；主图 e 面板与相关子图统一采用 PALM-COEIN 分类长尾口径。
A5: source_data_policy | B5: detail+summary+meta; 可复算；与paper figdata一致口径
A6: source_hint__detail_check_type_case_level | B6: analysis_viz/data/raw/center_data/*/GT/*.xlsx:Sheet1[GT_Outpatient_Checks,GT_Admission_Checks]
A7: source_hint__detail_diag_stage_palm | B7: analysis_viz/data/raw/center_data/*/GT/*.xlsx:Sheet1[GT_Admission_Diagnosis,GT_Revised_Diagnosis,GT_Final_Diagnosis]
A8: source_hint__detail_llm_taxonomy_case | B8: analysis_viz/data/derived/figdata/v2_subplots/G1_dataset/G1_llm_case_taxonomy_v1.csv
A9: source_hint__detail_llm_taxonomy_error_case | B9: analysis_viz/data/derived/figdata/v2_subplots/G1_dataset/G1_llm_case_taxonomy_v1.csv[error,fallback_used]
A10: source_hint__detail_icd | B10: analysis_viz/data/derived/figdata/v2_subplots/G1_dataset/G1_llm_case_taxonomy_v1.csv[final_icd10_code]
A11: source_hint__detail_icd_case | B11: analysis_viz/data/derived/figdata/v2_subplots/G1_dataset/G1_llm_case_taxonomy_v1.csv[center,case_id,final_icd10_code]
A12: source_hint__detail_plan_continuity | B12: analysis_viz/data/derived/figdata/v2_subplots/G1_dataset/G1_llm_case_taxonomy_v1.csv
... A17: formula_core | B17: 总览公式已并入各 summary sheet（样本量/中心数/ICD与方案类别计数不再单独开公式sheet）。
